﻿<?xml version="1.0" encoding="utf-8"?>
<addon id="skin.confluence-bmw" version="1.1.0" name="Confluence-BMW" provider-name="harryberlin (Jezz_X, Team Kodi)">
  <requires>
    <import addon="xbmc.gui" version="5.14.0" />
  </requires>
  <extension point="xbmc.gui.skin" debugging="false" effectslowdown="1.0">
    <res width="1280" height="720" aspect="16:9" default="true" folder="720p" />
  </extension>
  <extension point="xbmc.addon.metadata">
    <summary>harryberlin's mod for BMW RaspControl of Confluence skin by Jezz_X. v4.6.4 (Kodi's default skin)</summary>
    <description>Modded Confluence Skin of the default skin for Kodi 9.11 and above.</description>
    <platform>all</platform>
    <license>GNU General Public License version 2</license>
    <forum>https://not.released/jet</forum>
    <website></website>
    <email></email>
    <source>https://not.released/jet</source>
    <assets>
      <icon>resources/icon.png</icon>
      <fanart>resources/fanart.jpg</fanart>
      <screenshot>resources/screenshot-01.jpg</screenshot>
      <screenshot>resources/screenshot-02.jpg</screenshot>
      <screenshot>resources/screenshot-03.jpg</screenshot>
      <screenshot>resources/screenshot-04.jpg</screenshot>
      <screenshot>resources/screenshot-05.jpg</screenshot>
      <screenshot>resources/screenshot-06.jpg</screenshot>
      <screenshot>resources/screenshot-07.jpg</screenshot>
      <screenshot>resources/screenshot-08.jpg</screenshot>
      <screenshot>resources/screenshot-09.jpg</screenshot>
    </assets>
    <news>Updated music artist info.</news>
  </extension>
</addon>