﻿<?xml version="1.0" encoding="utf-8"?>
<window type="dialog">
  <defaultcontrol always="true">3</defaultcontrol>
  <include>dialogeffect</include>
  <depth>DepthDialog+</depth>
  <animation condition="true" type="Conditional">
    <effect type="zoom" start="0" end="130" time="0">Conditional</effect>
    <effect type="slide" start="0,0" end="-180,-75" time="0">Conditional</effect>
  </animation>
  <controls>
    <include condition="Window.IsActive(gamestretchmode) | Window.IsActive(gamevideofilter) | Window.IsActive(gamevideorotation)">GameDialogSelectLayout</include>
    <include condition="![Window.IsActive(gamestretchmode) | Window.IsActive(gamevideofilter) | Window.IsActive(gamevideorotation)]">DefaultDialogSelectLayout</include>
  </controls>
</window>