﻿<?xml version="1.0" encoding="utf-8"?>
<window>
  <defaultcontrol always="true">9000</defaultcontrol>
  <onload>skin.setstring(background_dimmer,35)</onload>
  <controls>
    <include>CommonBackground</include>
    <control type="image">
      <left>0</left>
      <top>100r</top>
      <width>1280</width>
      <height>100</height>
      <texture>floor.png</texture>
      <include>VisibleFadeEffect</include>
    </control>
    <include content="CommonWindowHeader">
      <param name="Icon" value="icon_system" />
      <param name="Label" value="$LOCALIZE[20077]" />
    </include>
    <control type="group">
      <left>90</left>
      <top>30</top>
      <animation type="WindowOpen" reversible="false">
        <effect type="zoom" start="80" end="100" center="640,360" easing="out" tween="back" time="225" />
        <effect type="fade" start="0" end="100" time="225" />
      </animation>
      <animation type="WindowClose" reversible="false">
        <effect type="zoom" start="100" end="80" center="640,360" easing="in" tween="back" time="225" />
        <effect type="fade" start="100" end="0" time="225" />
      </animation>
      <control type="image">
        <left>5</left>
        <top>5</top>
        <width>1090</width>
        <height>630</height>
        <texture border="15">ContentPanel.png</texture>
      </control>
      <control type="image">
        <left>5</left>
        <top>625</top>
        <width>1090</width>
        <height>64</height>
        <texture border="15">ContentPanelMirror.png</texture>
      </control>
      <control type="button">
        <description>Close Window button</description>
        <left>980</left>
        <top>11</top>
        <width>64</width>
        <height>32</height>
        <label />
        <font />
        <onclick>PreviousMenu</onclick>
        <texturefocus>DialogCloseButton-focus.png</texturefocus>
        <texturenofocus>DialogCloseButton.png</texturenofocus>
        <onleft>1</onleft>
        <onright>1</onright>
        <onup>1</onup>
        <ondown>1</ondown>
        <visible>system.getbool(input.enablemouse)</visible>
      </control>
      <control type="image">
        <description>LOGO</description>
        <left>30</left>
        <top>15</top>
        <width>220</width>
        <height>80</height>
        <aspectratio>keep</aspectratio>
        <texture>Confluence_Logo.png</texture>
      </control>
      <control type="list" id="9000">
        <left>10</left>
        <top>90</top>
        <width>260</width>
        <height>481</height>
        <onleft>9010</onleft>
        <onright>9010</onright>
        <onup>9000</onup>
        <ondown>9000</ondown>
        <pagecontrol />
        <scrolltime>300</scrolltime>
        <itemlayout height="80" width="260">
          <control type="image">
            <left>0</left>
            <top>0</top>
            <width>260</width>
            <height>81</height>
            <texture border="5">MenuItemNF.png</texture>
          </control>
          <control type="label">
            <left>10</left>
            <top>15</top>
            <width>240</width>
            <height>25</height>
            <font>font24_title</font>
            <textcolor>grey3</textcolor>
            <align>right</align>
            <aligny>center</aligny>
            <label>$INFO[ListItem.Label]</label>
          </control>
          <control type="label">
            <left>10</left>
            <top>42</top>
            <width>240</width>
            <height>25</height>
            <font>font13</font>
            <textcolor>grey2</textcolor>
            <align>right</align>
            <aligny>center</aligny>
            <label>$INFO[ListItem.Label2]</label>
          </control>
        </itemlayout>
        <focusedlayout height="80" width="260">
          <control type="image">
            <left>0</left>
            <top>0</top>
            <width>260</width>
            <height>81</height>
            <texture border="5">MenuItemFO.png</texture>
            <animation effect="fade" start="100" end="30" time="75" condition="!Control.HasFocus(9000)">Conditional</animation>
          </control>
          <control type="label">
            <left>10</left>
            <top>15</top>
            <width>240</width>
            <height>25</height>
            <font>font24_title</font>
            <textcolor>white</textcolor>
            <align>right</align>
            <aligny>center</aligny>
            <label>$INFO[ListItem.Label]</label>
          </control>
          <control type="label">
            <left>10</left>
            <top>42</top>
            <width>240</width>
            <height>25</height>
            <font>font13</font>
            <textcolor>grey2</textcolor>
            <align>right</align>
            <aligny>center</aligny>
            <label>$INFO[ListItem.Label2]</label>
          </control>
        </focusedlayout>
        <content>
          <item id="1">
            <label>128</label>
            <label2>5</label2>
          </item>
          <item id="2">
            <label>513</label>
            <label2>31112</label2>
          </item>
          <item id="3">
            <label>31102</label>
            <label2>31112</label2>
          </item>
          <item id="4">
            <label>24000</label>
            <label2>31200</label2>
          </item>
        </content>
      </control>
      <control type="image">
        <left>268</left>
        <top>10</top>
        <width>790</width>
        <height>618</height>
        <texture border="5">black-back2.png</texture>
      </control>
      <control type="image">
        <left>268</left>
        <top>10</top>
        <width>790</width>
        <height>52</height>
        <texture>dialogheader.png</texture>
      </control>
      <control type="label">
        <description>header label</description>
        <left>300</left>
        <top>20</top>
        <width>726</width>
        <height>30</height>
        <font>font24_title</font>
        <label>$LOCALIZE[20077] - $INFO[Container(9000).ListItem.Label]</label>
        <align>center</align>
        <aligny>center</aligny>
        <textcolor>white</textcolor>
        <shadowcolor>black</shadowcolor>
      </control>
      <control type="group" id="9010">
        <control type="grouplist" id="9001">
          <visible>Container(9000).Hasfocus(1)</visible>
          <left>290</left>
          <top>60</top>
          <width>750</width>
          <height>530</height>
          <itemgap>-1</itemgap>
          <pagecontrol>60</pagecontrol>
          <onleft>9000</onleft>
          <onright>60</onright>
          <onup>9001</onup>
          <ondown>9001</ondown>
          <control type="label" id="100">
            <width>750</width>
            <height>45</height>
            <font>font24_title</font>
            <label>31106</label>
            <textcolor>blue</textcolor>
            <shadowcolor>black</shadowcolor>
            <align>left</align>
            <aligny>center</aligny>
          </control>
          <control type="radiobutton" id="101">
            <width>750</width>
            <height>40</height>
            <font>font24_title</font>
            <label>20189</label>
            <textcolor>grey2</textcolor>
            <focusedcolor>white</focusedcolor>
            <texturefocus>MenuItemFO.png</texturefocus>
            <texturenofocus>MenuItemNF.png</texturenofocus>
            <onclick>Skin.ToggleSetting(AutoScroll)</onclick>
            <selected>Skin.HasSetting(AutoScroll)</selected>
          </control>
          <control type="radiobutton" id="102">
            <width>750</width>
            <height>40</height>
            <font>font24_title</font>
            <label>31103</label>
            <textcolor>grey2</textcolor>
            <focusedcolor>white</focusedcolor>
            <texturefocus>MenuItemFO.png</texturefocus>
            <texturenofocus>MenuItemNF.png</texturenofocus>
            <onclick>Skin.ToggleSetting(Show_SlideShow_Paused)</onclick>
            <selected>!Skin.HasSetting(Show_SlideShow_Paused)</selected>
          </control>
          <control type="radiobutton" id="103">
            <width>750</width>
            <height>40</height>
            <font>font24_title</font>
            <label>31104</label>
            <textcolor>grey2</textcolor>
            <focusedcolor>white</focusedcolor>
            <texturefocus>MenuItemFO.png</texturefocus>
            <texturenofocus>MenuItemNF.png</texturenofocus>
            <onclick>Skin.ToggleSetting(WindowedTrailer)</onclick>
            <selected>Skin.HasSetting(WindowedTrailer)</selected>
          </control>
          <control type="radiobutton" id="104">
            <width>750</width>
            <height>40</height>
            <font>font24_title</font>
            <label>31107</label>
            <textcolor>grey2</textcolor>
            <focusedcolor>white</focusedcolor>
            <texturefocus>MenuItemFO.png</texturefocus>
            <texturenofocus>MenuItemNF.png</texturenofocus>
            <onclick>Skin.ToggleSetting(HideFilenameFlagging)</onclick>
            <selected>Skin.HasSetting(HideFilenameFlagging)</selected>
          </control>
          <control type="radiobutton" id="105">
            <width>750</width>
            <height>40</height>
            <font>font24_title</font>
            <label>31122</label>
            <textcolor>grey2</textcolor>
            <focusedcolor>white</focusedcolor>
            <texturefocus>MenuItemFO.png</texturefocus>
            <texturenofocus>MenuItemNF.png</texturenofocus>
            <onclick>Skin.ToggleSetting(HideEPGwithRDS)</onclick>
            <selected>Skin.HasSetting(HideEPGwithRDS)</selected>
          </control>
          <control type="button" id="106">
            <width>750</width>
            <height>40</height>
            <font>font24_title</font>
            <label>31962</label>
            <textcolor>grey2</textcolor>
            <focusedcolor>white</focusedcolor>
            <texturefocus>MenuItemFO.png</texturefocus>
            <texturenofocus>MenuItemNF.png</texturenofocus>
            <onclick>Skin.SelectBool(31962, 31963|show_profilename, 31964|show_profileavatar, 16018|show_none)</onclick>
            <label2>$VAR[ProfileIdentificationLabel2Var]</label2>
          </control>
          <control type="radiobutton" id="107">
            <width>750</width>
            <height>40</height>
            <font>font24_title</font>
            <label>Skin Debugging</label>
            <textcolor>grey2</textcolor>
            <focusedcolor>white</focusedcolor>
            <texturefocus>MenuItemFO.png</texturefocus>
            <texturenofocus>MenuItemNF.png</texturenofocus>
            <onclick>Skin.ToggleSetting(SkinDebug)</onclick>
            <selected>Skin.HasSetting(SkinDebug)</selected>
            <textwidth>690</textwidth>
          </control>
          <control type="label" id="108">
            <width>750</width>
            <height>45</height>
            <font>font24_title</font>
            <label_off>31106</label_off>
            <label>Color Settings</label>
            <textcolor>blue</textcolor>
            <shadowcolor>black</shadowcolor>
            <align>left</align>
            <aligny>center</aligny>
          </control>
          <control type="button" id="109">
            <description>Change Color</description>
            <width>750</width>
            <height>40</height>
            <font>font24_title</font>
            <label>Main Menu Itemtext</label>
            <label2>$VAR[TextColor1]</label2>
            <onup>313</onup>
            <ondown>308</ondown>
            <onclick>RunScript("special://skin/scripts/changecolor.py","TextColor1")</onclick>
            <onleft>9000</onleft>
            <onright>62</onright>
            <texturefocus>MenuItemFO.png</texturefocus>
            <texturenofocus>MenuItemNF.png</texturenofocus>
            <textcolor>grey2</textcolor>
            <focusedcolor>$VAR[TextColor1]</focusedcolor>
          </control>
          <control type="button" id="110">
            <description>Change Color</description>
            <width>750</width>
            <height>40</height>
            <font>font24_title</font>
            <label>Browse Files highlighted Items</label>
            <label2>$VAR[TextColor2]</label2>
            <onup>313</onup>
            <ondown>308</ondown>
            <onclick>RunScript("special://skin/scripts/changecolor.py","TextColor2")</onclick>
            <onleft>9000</onleft>
            <onright>62</onright>
            <texturefocus>MenuItemFO.png</texturefocus>
            <texturenofocus>MenuItemNF.png</texturenofocus>
            <textcolor>grey2</textcolor>
            <focusedcolor>$VAR[TextColor2]</focusedcolor>
          </control>
          <control type="button" id="111">
            <posx>0</posx>
            <posy>45</posy>
            <description>Change Color</description>
            <width>750</width>
            <height>40</height>
            <font>font24_title</font>
            <label>Player Progressbar</label>
            <label2>$VAR[TextColor3]</label2>
            <onup>313</onup>
            <ondown>308</ondown>
            <onclick>RunScript("special://skin/scripts/changecolor.py","TextColor3")</onclick>
            <onleft>9000</onleft>
            <onright>62</onright>
            <texturefocus>MenuItemFO.png</texturefocus>
            <texturenofocus>MenuItemNF.png</texturenofocus>
            <textcolor>grey2</textcolor>
            <focusedcolor>$VAR[TextColor3]</focusedcolor>
          </control>
          <control type="button" id="112">
            <posx>0</posx>
            <posy>45</posy>
            <description>Change Color</description>
            <width>750</width>
            <height>40</height>
            <font>font24_title</font>
            <label>Something 2</label>
            <label2>$VAR[TextColor4]</label2>
            <onup>313</onup>
            <ondown>308</ondown>
            <onclick>RunScript("special://skin/scripts/changecolor.py","TextColor4")</onclick>
            <onleft>9000</onleft>
            <onright>62</onright>
            <texturefocus>MenuItemFO.png</texturefocus>
            <texturenofocus>MenuItemNF.png</texturenofocus>
            <textcolor>grey2</textcolor>
            <focusedcolor>$VAR[TextColor4]</focusedcolor>
          </control>
          <control type="button" id="113">
            <posx>0</posx>
            <posy>45</posy>
            <description>Change Color</description>
            <width>750</width>
            <height>40</height>
            <font>font24_title</font>
            <label>Something 3</label>
            <label2>$VAR[TextColor5]</label2>
            <onup>313</onup>
            <ondown>308</ondown>
            <onclick>RunScript("special://skin/scripts/changecolor.py","TextColor5")</onclick>
            <onleft>9000</onleft>
            <onright>62</onright>
            <texturefocus>MenuItemFO.png</texturefocus>
            <texturenofocus>MenuItemNF.png</texturenofocus>
            <textcolor>grey2</textcolor>
            <focusedcolor>$VAR[TextColor5]</focusedcolor>
          </control>
          <control_off type="button" id="114">
            <posx>0</posx>
            <posy>45</posy>
            <description>Change Color</description>
            <width>750</width>
            <height>40</height>
            <font>font24_title</font>
            <label>Colorpicker test</label>
            <label2>Skin.String(TextColor6)</label2>
            <onup>313</onup>
            <ondown>308</ondown>
            <onclick_off>RunScript("special://skin/scripts/changecolor.py","TextColor5")</onclick_off>
            <onleft>9000</onleft>
            <onright>62</onright>
            <texturefocus>MenuItemFO.png</texturefocus>
            <texturenofocus>MenuItemNF.png</texturenofocus>
            <textcolor>grey2</textcolor>
            <focusedcolor>Skin.String(TextColor6)</focusedcolor>
            <onclick condition="!System.HasAddon(script.skin.helper.colorpicker)">InstallAddon(script.skin.helper.colorpicker)</onclick>
            <onclick condition="System.HasAddon(script.skin.helper.colorpicker)">RunScript(script.skin.helper.colorpicker,action=colorpicker,skinstring=TextColor6,header=TextColor6)</onclick>
          </control_off>
          <control type="label" id="115">
            <width>750</width>
            <height>45</height>
            <font>font24_title</font>
            <label>Update</label>
            <textcolor>blue</textcolor>
            <shadowcolor>black</shadowcolor>
            <align>left</align>
            <aligny>center</aligny>
          </control>
          <control type="button" id="116">
            <width>750</width>
            <height>40</height>
            <font>font24_title</font>
            <label>Run Skin Update</label>
            <label2>commit:$INFO[Skin.String(github_commit_date)]</label2>
            <textcolor>grey2</textcolor>
            <focusedcolor>white</focusedcolor>
            <texturefocus>MenuItemFO.png</texturefocus>
            <texturenofocus>MenuItemNF.png</texturenofocus>
            <onclick>RunScript("special://skin/scripts/skin_update.py")</onclick>
          </control>
        </control>
        <control type="scrollbar" id="60">
          <left>1060</left>
          <top>60</top>
          <width>25</width>
          <height>530</height>
          <texturesliderbackground border="0,14,0,14">ScrollBarV.png</texturesliderbackground>
          <texturesliderbar border="0,14,0,14">ScrollBarV_bar.png</texturesliderbar>
          <texturesliderbarfocus border="0,14,0,14">ScrollBarV_bar_focus.png</texturesliderbarfocus>
          <textureslidernib>ScrollBarNib.png</textureslidernib>
          <textureslidernibfocus>ScrollBarNib.png</textureslidernibfocus>
          <onleft>9001</onleft>
          <onright>9000</onright>
          <showonepage>false</showonepage>
          <orientation>vertical</orientation>
          <visible>Container(9000).Hasfocus(1)</visible>
        </control>
        <control type="grouplist" id="9002">
          <visible>Container(9000).Hasfocus(2)</visible>
          <left>290</left>
          <top>60</top>
          <width>750</width>
          <height>530</height>
          <itemgap>-1</itemgap>
          <pagecontrol>60</pagecontrol>
          <onleft>9000</onleft>
          <onright>60</onright>
          <onup>9002</onup>
          <ondown>9002</ondown>
          <control type="label" id="200">
            <width>750</width>
            <height>45</height>
            <font>font24_title</font>
            <label>31101</label>
            <textcolor>blue</textcolor>
            <shadowcolor>black</shadowcolor>
            <align>left</align>
            <aligny>center</aligny>
          </control>
          <control type="radiobutton" id="201">
            <width>750</width>
            <height>40</height>
            <font>font24_title</font>
            <label>Slide out Vertical Menü, after 4 seconds</label>
            <textcolor>grey2</textcolor>
            <focusedcolor>white</focusedcolor>
            <onclick>Skin.ToggleSetting(MainMenuVerticalSlideOut)</onclick>
            <selected>Skin.HasSetting(MainMenuVerticalSlideOut)</selected>
            <texturefocus>MenuItemFO.png</texturefocus>
            <texturenofocus>MenuItemNF.png</texturenofocus>
            <textwidth>690</textwidth>
          </control>
          <control type="radiobutton" id="202">
            <width>750</width>
            <height>40</height>
            <font>font24_title</font>
            <label>Show OBC Bar</label>
            <textcolor>grey2</textcolor>
            <focusedcolor>white</focusedcolor>
            <onclick>Skin.ToggleSetting(HomeObcBar)</onclick>
            <selected>Skin.HasSetting(HomeObcBar)</selected>
            <texturefocus>MenuItemFO.png</texturefocus>
            <texturenofocus>MenuItemNF.png</texturenofocus>
            <textwidth>690</textwidth>
            <visible>System.HasAddon(plugin.script.ibuscommunicator)</visible>
          </control>
          <control type="radiobutton" id="241">
            <width>750</width>
            <height>40</height>
            <font>font24_title</font>
            <label>Show Dateformat [MM/DD/YYYY]</label>
            <textcolor>grey2</textcolor>
            <focusedcolor>white</focusedcolor>
            <onclick>Skin.ToggleSetting(date_format_us)</onclick>
            <selected>Skin.HasSetting(date_format_us)</selected>
            <texturefocus>MenuItemFO.png</texturefocus>
            <texturenofocus>MenuItemNF.png</texturenofocus>
            <textwidth>690</textwidth>
            <visible_off>System.HasAddon(plugin.script.ibuscommunicator)</visible_off>
          </control>
          <control type="radiobutton" id="242">
            <width>750</width>
            <height>40</height>
            <font>font24_title</font>
            <label>Show Navigation Information</label>
            <textcolor>grey2</textcolor>
            <focusedcolor>white</focusedcolor>
            <onclick>Skin.ToggleSetting(obc_nav_info)</onclick>
            <selected>Skin.HasSetting(obc_nav_info)</selected>
            <texturefocus>MenuItemFO.png</texturefocus>
            <texturenofocus>MenuItemNF.png</texturenofocus>
            <textwidth>690</textwidth>
            <visible>System.HasAddon(plugin.script.ibuscommunicator)</visible>
          </control>
          <control type="radiobutton" id="203">
            <description>enable video info</description>
            <width>750</width>
            <height>40</height>
            <font>font24_title</font>
            <textcolor>grey2</textcolor>
            <focusedcolor>white</focusedcolor>
            <label>20176</label>
            <onclick>Skin.ToggleSetting(homepageVideoinfo)</onclick>
            <selected>!Skin.HasSetting(homepageVideoinfo)</selected>
            <texturefocus>MenuItemFO.png</texturefocus>
            <texturenofocus>MenuItemNF.png</texturenofocus>
          </control>
          <control type="radiobutton" id="204">
            <description>enable music info</description>
            <width>750</width>
            <height>40</height>
            <font>font24_title</font>
            <textcolor>grey2</textcolor>
            <focusedcolor>white</focusedcolor>
            <label>20083</label>
            <onclick>Skin.ToggleSetting(homepageMusicinfo)</onclick>
            <selected>!Skin.HasSetting(homepageMusicinfo)</selected>
            <texturefocus>MenuItemFO.png</texturefocus>
            <texturenofocus>MenuItemNF.png</texturenofocus>
          </control>
          <control type="radiobutton" id="205">
            <description>enable weather info</description>
            <width>750</width>
            <height>40</height>
            <font>font24_title</font>
            <textcolor>grey2</textcolor>
            <focusedcolor>white</focusedcolor>
            <label>20084</label>
            <onclick>Skin.ToggleSetting(homepageWeatherinfo)</onclick>
            <selected>Skin.HasSetting(homepageWeatherinfo)</selected>
            <texturefocus>MenuItemFO.png</texturefocus>
            <texturenofocus>MenuItemNF.png</texturenofocus>
            <visible>!String.IsEmpty(Weather.Plugin)</visible>
          </control>
          <control type="radiobutton" id="206">
            <description>Show Recently added Video info</description>
            <width>750</width>
            <height>40</height>
            <font>font24_title</font>
            <textcolor>grey2</textcolor>
            <focusedcolor>white</focusedcolor>
            <label>31117</label>
            <onclick>Skin.ToggleSetting(HomepageHideRecentlyAddedVideo)</onclick>
            <selected>!Skin.HasSetting(HomepageHideRecentlyAddedVideo)</selected>
            <texturefocus>MenuItemFO.png</texturefocus>
            <texturenofocus>MenuItemNF.png</texturenofocus>
          </control>
          <control type="radiobutton" id="207">
            <description>Show Recently added info</description>
            <width>750</width>
            <height>40</height>
            <font>font24_title</font>
            <textcolor>grey2</textcolor>
            <focusedcolor>white</focusedcolor>
            <label>31116</label>
            <onclick>Skin.ToggleSetting(HomepageHideRecentlyAddedAlbums)</onclick>
            <selected>!Skin.HasSetting(HomepageHideRecentlyAddedAlbums)</selected>
            <texturefocus>MenuItemFO.png</texturefocus>
            <texturenofocus>MenuItemNF.png</texturenofocus>
          </control>
          <control type="label" id="208">
            <width>750</width>
            <height>45</height>
            <font>font24_title</font>
            <label>Logos</label>
            <textcolor>blue</textcolor>
            <shadowcolor>black</shadowcolor>
            <align>left</align>
            <aligny>center</aligny>
          </control>
          <control type="radiobutton" id="209">
            <description>Hide Kodi Logo</description>
            <width>750</width>
            <height>40</height>
            <font>font24_title</font>
            <textcolor>grey2</textcolor>
            <focusedcolor>white</focusedcolor>
            <label>Hide Kodi Logo</label>
            <onclick>Skin.ToggleSetting(HomeMenuHideKodiLogo)</onclick>
            <selected>Skin.HasSetting(HomeMenuHideKodiLogo)</selected>
            <texturefocus>MenuItemFO.png</texturefocus>
            <texturenofocus>MenuItemNF.png</texturenofocus>
            <textwidth>690</textwidth>
          </control>
          <control type="radiobutton" id="210">
            <description>Show BMW Logos</description>
            <width>750</width>
            <height>40</height>
            <font>font24_title</font>
            <textcolor>grey2</textcolor>
            <focusedcolor>white</focusedcolor>
            <label>Show BMW Logos</label>
            <onclick>Skin.ToggleSetting(HomeMenuShowBMWLogos)</onclick>
            <selected>Skin.HasSetting(HomeMenuShowBMWLogos)</selected>
            <texturefocus>MenuItemFO.png</texturefocus>
            <texturenofocus>MenuItemNF.png</texturenofocus>
            <textwidth>690</textwidth>
          </control>
          <control type="radiobutton" id="211">
            <description>Show M Logo</description>
            <width>750</width>
            <height>40</height>
            <font>font24_title</font>
            <textcolor>grey2</textcolor>
            <focusedcolor>white</focusedcolor>
            <label>Show ///M Logo</label>
            <onclick>Skin.ToggleSetting(HomeMenuShowMLogo)</onclick>
            <selected>Skin.HasSetting(HomeMenuShowMLogo)</selected>
            <texturefocus>MenuItemFO.png</texturefocus>
            <texturenofocus>MenuItemNF.png</texturenofocus>
            <textwidth>690</textwidth>
            <visible>Skin.HasSetting(HomeMenuShowBMWLogos)</visible>
          </control>
          <control type="label" id="212">
            <width>750</width>
            <height>45</height>
            <font>font24_title</font>
            <label>31108</label>
            <textcolor>blue</textcolor>
            <shadowcolor>black</shadowcolor>
            <align>left</align>
            <aligny>center</aligny>
          </control>
          <control type="radiobutton" id="213">
            <description>Hide Videos Button</description>
            <width>750</width>
            <height>40</height>
            <font>font24_title</font>
            <textcolor>grey2</textcolor>
            <focusedcolor>white</focusedcolor>
            <label>$LOCALIZE[31111] - $LOCALIZE[3]</label>
            <onclick>Skin.ToggleSetting(HomeMenuNoVideosButton)</onclick>
            <selected>Skin.HasSetting(HomeMenuNoVideosButton)</selected>
            <texturefocus>MenuItemFO.png</texturefocus>
            <texturenofocus>MenuItemNF.png</texturenofocus>
          </control>
          <control type="radiobutton" id="214">
            <description>Hide Movies Button</description>
            <width>750</width>
            <height>40</height>
            <font>font24_title</font>
            <textcolor>grey2</textcolor>
            <focusedcolor>white</focusedcolor>
            <label>$LOCALIZE[31111] - $LOCALIZE[20342] [COLOR=grey3] ($LOCALIZE[20314])[/COLOR]</label>
            <onclick>Skin.ToggleSetting(HomeMenuNoMovieButton)</onclick>
            <selected>Skin.HasSetting(HomeMenuNoMovieButton)</selected>
            <texturefocus>MenuItemFO.png</texturefocus>
            <texturenofocus>MenuItemNF.png</texturenofocus>
            <enable>Library.HasContent(Movies)</enable>
          </control>
          <control type="radiobutton" id="215">
            <description>Hide TV Shows Button</description>
            <width>750</width>
            <height>40</height>
            <font>font24_title</font>
            <textcolor>grey2</textcolor>
            <focusedcolor>white</focusedcolor>
            <label>$LOCALIZE[31111] - $LOCALIZE[20343] [COLOR=grey3] ($LOCALIZE[20314])[/COLOR]</label>
            <onclick>Skin.ToggleSetting(HomeMenuNoTVShowButton)</onclick>
            <selected>Skin.HasSetting(HomeMenuNoTVShowButton)</selected>
            <texturefocus>MenuItemFO.png</texturefocus>
            <texturenofocus>MenuItemNF.png</texturenofocus>
            <enable>Library.HasContent(TVShows)</enable>
          </control>
          <control type="radiobutton" id="216">
            <description>Hide Music Button</description>
            <width>750</width>
            <height>40</height>
            <font>font24_title</font>
            <textcolor>grey2</textcolor>
            <focusedcolor>white</focusedcolor>
            <label>$LOCALIZE[31111] - $LOCALIZE[2]</label>
            <onclick>Skin.ToggleSetting(HomeMenuNoMusicButton)</onclick>
            <selected>Skin.HasSetting(HomeMenuNoMusicButton)</selected>
            <texturefocus>MenuItemFO.png</texturefocus>
            <texturenofocus>MenuItemNF.png</texturenofocus>
          </control>
          <control type="radiobutton" id="217">
            <description>Hide Radio Button</description>
            <width>750</width>
            <height>40</height>
            <font>font24_title</font>
            <textcolor>grey2</textcolor>
            <focusedcolor>white</focusedcolor>
            <label>$LOCALIZE[31111] - $LOCALIZE[31960]</label>
            <onclick>Skin.ToggleSetting(HomeMenuNoRadioButton)</onclick>
            <selected>Skin.HasSetting(HomeMenuNoRadioButton)</selected>
            <texturefocus>MenuItemFO.png</texturefocus>
            <texturenofocus>MenuItemNF.png</texturenofocus>
          </control>
          <control type="radiobutton" id="218">
            <description>Hide TV Button</description>
            <width>750</width>
            <height>40</height>
            <font>font24_title</font>
            <textcolor>grey2</textcolor>
            <focusedcolor>white</focusedcolor>
            <label>$LOCALIZE[31111] - $LOCALIZE[31952]</label>
            <onclick>Skin.ToggleSetting(HomeMenuNoTVButton)</onclick>
            <selected>Skin.HasSetting(HomeMenuNoTVButton)</selected>
            <texturefocus>MenuItemFO.png</texturefocus>
            <texturenofocus>MenuItemNF.png</texturenofocus>
          </control>
          <control type="radiobutton" id="219">
            <description>Hide TV Guide Button</description>
            <width>750</width>
            <height>40</height>
            <font>font24_title</font>
            <textcolor>grey2</textcolor>
            <focusedcolor>white</focusedcolor>
            <label>$LOCALIZE[31111] - $LOCALIZE[4]</label>
            <onclick>Skin.ToggleSetting(HomeMenuNoTvGuideButton)</onclick>
            <selected>Skin.HasSetting(HomeMenuNoTvGuideButton)</selected>
            <texturefocus>MenuItemFO.png</texturefocus>
            <texturenofocus>MenuItemNF.png</texturenofocus>
          </control>
          <control type="radiobutton" id="220">
            <description>Hide Pictures Button</description>
            <width>750</width>
            <height>40</height>
            <font>font24_title</font>
            <textcolor>grey2</textcolor>
            <focusedcolor>white</focusedcolor>
            <label>$LOCALIZE[31111] - $LOCALIZE[1]</label>
            <onclick>Skin.ToggleSetting(HomeMenuNoPicturesButton)</onclick>
            <selected>Skin.HasSetting(HomeMenuNoPicturesButton)</selected>
            <texturefocus>MenuItemFO.png</texturefocus>
            <texturenofocus>MenuItemNF.png</texturenofocus>
          </control>
          <control type="radiobutton" id="221">
            <description>Hide Programs Button</description>
            <width>750</width>
            <height>40</height>
            <font>font24_title</font>
            <textcolor>grey2</textcolor>
            <focusedcolor>white</focusedcolor>
            <label>$LOCALIZE[31111] - $LOCALIZE[24001]</label>
            <onclick>Skin.ToggleSetting(HomeMenuNoProgramsButton)</onclick>
            <selected>Skin.HasSetting(HomeMenuNoProgramsButton)</selected>
            <texturefocus>MenuItemFO.png</texturefocus>
            <texturenofocus>MenuItemNF.png</texturenofocus>
          </control>
          <control type="radiobutton" id="222">
            <description>Hide Weather Button</description>
            <width>750</width>
            <height>40</height>
            <font>font24_title</font>
            <textcolor>grey2</textcolor>
            <focusedcolor>white</focusedcolor>
            <label>$LOCALIZE[31111] - $LOCALIZE[8]</label>
            <onclick>Skin.ToggleSetting(HomeMenuNoWeatherButton)</onclick>
            <selected>Skin.HasSetting(HomeMenuNoWeatherButton)</selected>
            <texturefocus>MenuItemFO.png</texturefocus>
            <texturenofocus>MenuItemNF.png</texturenofocus>
          </control>
          <control type="radiobutton" id="223">
            <description>Hide Games Button</description>
            <width>750</width>
            <height>40</height>
            <font>font24_title</font>
            <textcolor>grey2</textcolor>
            <focusedcolor>white</focusedcolor>
            <label>$LOCALIZE[31111] - $LOCALIZE[15016]</label>
            <onclick>Skin.ToggleSetting(HomeMenuNoGamesButton)</onclick>
            <selected>Skin.HasSetting(HomeMenuNoGamesButton)</selected>
            <texturefocus>MenuItemFO.png</texturefocus>
            <texturenofocus>MenuItemNF.png</texturenofocus>
          </control>
          <control type="radiobutton" id="224">
            <description>Hide Settings Button</description>
            <width>750</width>
            <height>40</height>
            <font>font24_title</font>
            <textcolor>grey2</textcolor>
            <focusedcolor>white</focusedcolor>
            <label>$LOCALIZE[31111] - $LOCALIZE[31114]</label>
            <onclick>Skin.ToggleSetting(HomeMenuNoSystemButton)</onclick>
            <selected>Skin.HasSetting(HomeMenuNoSystemButton)</selected>
            <texturefocus>MenuItemFO.png</texturefocus>
            <texturenofocus>MenuItemNF.png</texturenofocus>
          </control>
          <control type="radiobutton" id="225">
            <description>Hide Favourites Button</description>
            <width>750</width>
            <height>40</height>
            <font>font24_title</font>
            <textcolor>grey2</textcolor>
            <focusedcolor>white</focusedcolor>
            <label>$LOCALIZE[31111] - $LOCALIZE[1036]</label>
            <onclick>Skin.ToggleSetting(HomeMenuNoFavouritesButton)</onclick>
            <selected>Skin.HasSetting(HomeMenuNoFavouritesButton)</selected>
            <texturefocus>MenuItemFO.png</texturefocus>
            <texturenofocus>MenuItemNF.png</texturenofocus>
            <textwidth>690</textwidth>
          </control>
          <control type="radiobutton" id="226">
            <description>Hide Volume Button</description>
            <width>750</width>
            <height>40</height>
            <font>font24_title</font>
            <textcolor>grey2</textcolor>
            <focusedcolor>white</focusedcolor>
            <label>$LOCALIZE[31111] - $LOCALIZE[13376]</label>
            <onclick>Skin.ToggleSetting(HomeMenuNoVolumeButton)</onclick>
            <selected>Skin.HasSetting(HomeMenuNoVolumeButton)</selected>
            <texturefocus>MenuItemFO.png</texturefocus>
            <texturenofocus>MenuItemNF.png</texturenofocus>
            <textwidth>690</textwidth>
          </control>
          <control type="radiobutton" id="227">
            <description>Hide Power Button</description>
            <width>750</width>
            <height>40</height>
            <font>font24_title</font>
            <textcolor>grey2</textcolor>
            <focusedcolor>white</focusedcolor>
            <label>$LOCALIZE[31111] - $LOCALIZE[22020]</label>
            <onclick>Skin.ToggleSetting(HomeMenuNoPowerButton)</onclick>
            <selected>Skin.HasSetting(HomeMenuNoPowerButton)</selected>
            <texturefocus>MenuItemFO.png</texturefocus>
            <texturenofocus>MenuItemNF.png</texturenofocus>
            <textwidth>690</textwidth>
          </control>
          <!--Custom buttons -->
          <control type="label" id="243">
            <width>750</width>
            <height>45</height>
            <font>font24_title</font>
            <label>Custom Menu Entries</label>
            <textcolor>blue</textcolor>
            <shadowcolor>black</shadowcolor>
            <align>left</align>
            <aligny>center</aligny>
          </control>
          <control type="radiobutton" id="244">
            <description>Hide Custom Button 1</description>
            <width>750</width>
            <height>40</height>
            <font>font24_title</font>
            <textcolor>grey2</textcolor>
            <focusedcolor>white</focusedcolor>
            <label>$LOCALIZE[31111] - Custom 1</label>
            <onclick>Skin.ToggleSetting(HomeNoCustomMainButton1)</onclick>
            <selected>!Skin.HasSetting(HomeNoCustomMainButton1)</selected>
            <texturefocus>MenuItemFO.png</texturefocus>
            <texturenofocus>MenuItemNF.png</texturenofocus>
            <textwidth>690</textwidth>
          </control>
          <control type="button" id="245">
            <description>Hide Custom 1</description>
            <width>750</width>
            <height>40</height>
            <font>font24_title</font>
            <textcolor>grey2</textcolor>
            <focusedcolor>white</focusedcolor>
            <label>- Label</label>
            <label2>$INFO[Skin.String(HomeCustomMainButton1)]</label2>
            <onclick>Skin.SetString(HomeCustomMainButton1)</onclick>
            <texturefocus>MenuItemFO.png</texturefocus>
            <texturenofocus>MenuItemNF.png</texturenofocus>
            <textwidth>690</textwidth>
            <visible>Skin.HasSetting(HomeNoCustomMainButton1)</visible>
          </control>
          <control type="button" id="246">
            <description>Hide Custom Button 1</description>
            <width>750</width>
            <height>40</height>
            <font>font24_title</font>
            <textcolor>grey2</textcolor>
            <focusedcolor>white</focusedcolor>
            <label>- Function</label>
            <label2>$INFO[Skin.String(HomeCustomMainFunction1)]</label2>
            <onclick>RunScript("special://skin/scripts/kodi_actions.py","set;HomeCustomMainFunction1")</onclick>
            <texturefocus>MenuItemFO.png</texturefocus>
            <texturenofocus>MenuItemNF.png</texturenofocus>
            <textwidth>690</textwidth>
            <visible>Skin.HasSetting(HomeNoCustomMainButton1)</visible>
          </control>
          <control type="button" id="247">
            <description>Image Custom Button 1</description>
            <width>750</width>
            <height>40</height>
            <font>font24_title</font>
            <textcolor>grey2</textcolor>
            <focusedcolor>white</focusedcolor>
            <label>- Background</label>
            <label2>$INFO[Skin.String(HomeCustomMainIcon1)]</label2>
            <onclick>Skin.SetImage(HomeCustomMainIcon1)</onclick>
            <texturefocus>MenuItemFO.png</texturefocus>
            <texturenofocus>MenuItemNF.png</texturenofocus>
            <textwidth>690</textwidth>
            <visible>Skin.HasSetting(HomeNoCustomMainButton1)</visible>
          </control>
          <control type="radiobutton" id="248">
            <description>Hide Custom Button 2</description>
            <width>750</width>
            <height>40</height>
            <font>font24_title</font>
            <textcolor>grey2</textcolor>
            <focusedcolor>white</focusedcolor>
            <label>$LOCALIZE[31111] - Custom 2</label>
            <onclick>Skin.ToggleSetting(HomeNoCustomMainButton2)</onclick>
            <selected>!Skin.HasSetting(HomeNoCustomMainButton2)</selected>
            <texturefocus>MenuItemFO.png</texturefocus>
            <texturenofocus>MenuItemNF.png</texturenofocus>
            <textwidth>690</textwidth>
          </control>
          <control type="button" id="249">
            <description>Hide Custom 2</description>
            <width>750</width>
            <height>40</height>
            <font>font24_title</font>
            <textcolor>grey2</textcolor>
            <focusedcolor>white</focusedcolor>
            <label>- Label</label>
            <label2>$INFO[Skin.String(HomeCustomMainButton2)]</label2>
            <onclick>Skin.SetString(HomeCustomMainButton2)</onclick>
            <texturefocus>MenuItemFO.png</texturefocus>
            <texturenofocus>MenuItemNF.png</texturenofocus>
            <textwidth>690</textwidth>
            <visible>Skin.HasSetting(HomeNoCustomMainButton2)</visible>
          </control>
          <control type="button" id="250">
            <description>Hide Custom Button 2</description>
            <width>750</width>
            <height>40</height>
            <font>font24_title</font>
            <textcolor>grey2</textcolor>
            <focusedcolor>white</focusedcolor>
            <label>- Function</label>
            <label2>$INFO[Skin.String(HomeCustomMainFunction2)]</label2>
            <onclick>RunScript("special://skin/scripts/kodi_actions.py","set;HomeCustomMainFunction2")</onclick>
            <texturefocus>MenuItemFO.png</texturefocus>
            <texturenofocus>MenuItemNF.png</texturenofocus>
            <textwidth>690</textwidth>
            <visible>Skin.HasSetting(HomeNoCustomMainButton2)</visible>
          </control>
          <control type="button" id="251">
            <description>Image Custom Button 2</description>
            <width>750</width>
            <height>40</height>
            <font>font24_title</font>
            <textcolor>grey2</textcolor>
            <focusedcolor>white</focusedcolor>
            <label>- Background</label>
            <label2>$INFO[Skin.String(HomeCustomMainIcon2)]</label2>
            <onclick>Skin.SetImage(HomeCustomMainIcon2)</onclick>
            <texturefocus>MenuItemFO.png</texturefocus>
            <texturenofocus>MenuItemNF.png</texturenofocus>
            <textwidth>690</textwidth>
            <visible>Skin.HasSetting(HomeNoCustomMainButton2)</visible>
          </control>
          <control type="radiobutton" id="252">
            <description>Hide Custom Button 3</description>
            <width>750</width>
            <height>40</height>
            <font>font24_title</font>
            <textcolor>grey2</textcolor>
            <focusedcolor>white</focusedcolor>
            <label>$LOCALIZE[31111] - Custom 3</label>
            <onclick>Skin.ToggleSetting(HomeNoCustomMainButton3)</onclick>
            <selected>!Skin.HasSetting(HomeNoCustomMainButton3)</selected>
            <texturefocus>MenuItemFO.png</texturefocus>
            <texturenofocus>MenuItemNF.png</texturenofocus>
            <textwidth>690</textwidth>
          </control>
          <control type="button" id="253">
            <description>Hide Custom 3</description>
            <width>750</width>
            <height>40</height>
            <font>font24_title</font>
            <textcolor>grey2</textcolor>
            <focusedcolor>white</focusedcolor>
            <label>- Label</label>
            <label2>$INFO[Skin.String(HomeCustomMainButton3)]</label2>
            <onclick>Skin.SetString(HomeCustomMainButton3)</onclick>
            <texturefocus>MenuItemFO.png</texturefocus>
            <texturenofocus>MenuItemNF.png</texturenofocus>
            <textwidth>690</textwidth>
            <visible>Skin.HasSetting(HomeNoCustomMainButton3)</visible>
          </control>
          <control type="button" id="254">
            <description>Hide Custom Button 3</description>
            <width>750</width>
            <height>40</height>
            <font>font24_title</font>
            <textcolor>grey2</textcolor>
            <focusedcolor>white</focusedcolor>
            <label>- Function</label>
            <label2>$INFO[Skin.String(HomeCustomMainFunction3)]</label2>
            <onclick>RunScript("special://skin/scripts/kodi_actions.py","set;HomeCustomMainFunction3")</onclick>
            <texturefocus>MenuItemFO.png</texturefocus>
            <texturenofocus>MenuItemNF.png</texturenofocus>
            <textwidth>690</textwidth>
            <visible>Skin.HasSetting(HomeNoCustomMainButton3)</visible>
          </control>
          <control type="button" id="255">
            <description>Image Custom Button 3</description>
            <width>750</width>
            <height>40</height>
            <font>font24_title</font>
            <textcolor>grey2</textcolor>
            <focusedcolor>white</focusedcolor>
            <label>- Background</label>
            <label2>$INFO[Skin.String(HomeCustomMainIcon3)]</label2>
            <onclick>Skin.SetImage(HomeCustomMainIcon3)</onclick>
            <texturefocus>MenuItemFO.png</texturefocus>
            <texturenofocus>MenuItemNF.png</texturenofocus>
            <textwidth>690</textwidth>
            <visible>Skin.HasSetting(HomeNoCustomMainButton3)</visible>
          </control>
          <control type="radiobutton" id="256">
            <description>Hide Custom Button 4</description>
            <width>750</width>
            <height>40</height>
            <font>font24_title</font>
            <textcolor>grey2</textcolor>
            <focusedcolor>white</focusedcolor>
            <label>$LOCALIZE[31111] - Custom 4</label>
            <onclick>Skin.ToggleSetting(HomeNoCustomMainButton4)</onclick>
            <selected>!Skin.HasSetting(HomeNoCustomMainButton4)</selected>
            <texturefocus>MenuItemFO.png</texturefocus>
            <texturenofocus>MenuItemNF.png</texturenofocus>
            <textwidth>690</textwidth>
          </control>
          <control type="button" id="257">
            <description>Hide Custom 4</description>
            <width>750</width>
            <height>40</height>
            <font>font24_title</font>
            <textcolor>grey2</textcolor>
            <focusedcolor>white</focusedcolor>
            <label>- Label</label>
            <label2>$INFO[Skin.String(HomeCustomMainButton4)]</label2>
            <onclick>Skin.SetString(HomeCustomMainButton4)</onclick>
            <texturefocus>MenuItemFO.png</texturefocus>
            <texturenofocus>MenuItemNF.png</texturenofocus>
            <textwidth>690</textwidth>
            <visible>Skin.HasSetting(HomeNoCustomMainButton4)</visible>
          </control>
          <control type="button" id="258">
            <description>Hide Custom Button 4</description>
            <width>750</width>
            <height>40</height>
            <font>font24_title</font>
            <textcolor>grey2</textcolor>
            <focusedcolor>white</focusedcolor>
            <label>- Function</label>
            <label2>$INFO[Skin.String(HomeCustomMainFunction4)]</label2>
            <onclick>RunScript("special://skin/scripts/kodi_actions.py","set;HomeCustomMainFunction4")</onclick>
            <texturefocus>MenuItemFO.png</texturefocus>
            <texturenofocus>MenuItemNF.png</texturenofocus>
            <textwidth>690</textwidth>
            <visible>Skin.HasSetting(HomeNoCustomMainButton4)</visible>
          </control>
          <control type="button" id="259">
            <description>Image Custom Button 4</description>
            <width>750</width>
            <height>40</height>
            <font>font24_title</font>
            <textcolor>grey2</textcolor>
            <focusedcolor>white</focusedcolor>
            <label>- Background</label>
            <label2>$INFO[Skin.String(HomeCustomMainIcon4)]</label2>
            <onclick>Skin.SetImage(HomeCustomMainIcon4)</onclick>
            <texturefocus>MenuItemFO.png</texturefocus>
            <texturenofocus>MenuItemNF.png</texturenofocus>
            <textwidth>690</textwidth>
            <visible>Skin.HasSetting(HomeNoCustomMainButton4)</visible>
          </control>
          <control type="radiobutton" id="260">
            <description>Hide Custom Button 5</description>
            <width>750</width>
            <height>40</height>
            <font>font24_title</font>
            <textcolor>grey2</textcolor>
            <focusedcolor>white</focusedcolor>
            <label>$LOCALIZE[31111] - Custom 5</label>
            <onclick>Skin.ToggleSetting(HomeNoCustomMainButton5)</onclick>
            <selected>!Skin.HasSetting(HomeNoCustomMainButton5)</selected>
            <texturefocus>MenuItemFO.png</texturefocus>
            <texturenofocus>MenuItemNF.png</texturenofocus>
            <textwidth>690</textwidth>
          </control>
          <control type="button" id="261">
            <description>Hide Custom 5</description>
            <width>750</width>
            <height>40</height>
            <font>font24_title</font>
            <textcolor>grey2</textcolor>
            <focusedcolor>white</focusedcolor>
            <label>- Label</label>
            <label2>$INFO[Skin.String(HomeCustomMainButton5)]</label2>
            <onclick>Skin.SetString(HomeCustomMainButton5)</onclick>
            <texturefocus>MenuItemFO.png</texturefocus>
            <texturenofocus>MenuItemNF.png</texturenofocus>
            <textwidth>690</textwidth>
            <visible>Skin.HasSetting(HomeNoCustomMainButton5)</visible>
          </control>
          <control type="button" id="262">
            <description>Hide Custom Button 5</description>
            <width>750</width>
            <height>40</height>
            <font>font24_title</font>
            <textcolor>grey2</textcolor>
            <focusedcolor>white</focusedcolor>
            <label>- Function</label>
            <label2>$INFO[Skin.String(HomeCustomMainFunction5)]</label2>
            <onclick>RunScript("special://skin/scripts/kodi_actions.py","set;HomeCustomMainFunction5")</onclick>
            <texturefocus>MenuItemFO.png</texturefocus>
            <texturenofocus>MenuItemNF.png</texturenofocus>
            <textwidth>690</textwidth>
            <visible>Skin.HasSetting(HomeNoCustomMainButton5)</visible>
          </control>
          <control type="button" id="263">
            <description>Image Custom Button 5</description>
            <width>750</width>
            <height>40</height>
            <font>font24_title</font>
            <textcolor>grey2</textcolor>
            <focusedcolor>white</focusedcolor>
            <label>- Background</label>
            <label2>$INFO[Skin.String(HomeCustomMainIcon5)]</label2>
            <onclick>Skin.SetImage(HomeCustomMainIcon5)</onclick>
            <texturefocus>MenuItemFO.png</texturefocus>
            <texturenofocus>MenuItemNF.png</texturenofocus>
            <textwidth>690</textwidth>
            <visible>Skin.HasSetting(HomeNoCustomMainButton5)</visible>
          </control>
          <!-- Playlist buttons -->
          <control type="label" id="225">
            <width>750</width>
            <height>45</height>
            <font>font24_title</font>
            <label>31115</label>
            <textcolor>blue</textcolor>
            <shadowcolor>black</shadowcolor>
            <align>left</align>
            <aligny>center</aligny>
          </control>
          <control type="radiobutton" id="226">
            <description>Use Movies playlist</description>
            <width>750</width>
            <height>40</height>
            <font>font24_title</font>
            <textcolor>grey2</textcolor>
            <focusedcolor>white</focusedcolor>
            <label>$LOCALIZE[31143] $LOCALIZE[20342] $LOCALIZE[31144]</label>
            <onclick>Skin.ToggleSetting(HomeMenuMovieUsePlaylist)</onclick>
            <selected>Skin.HasSetting(HomeMenuMovieUsePlaylist)</selected>
            <texturefocus>MenuItemFO.png</texturefocus>
            <texturenofocus>MenuItemNF.png</texturenofocus>
            <enable>Library.HasContent(Movies)</enable>
          </control>
          <control type="button" id="227">
            <width>750</width>
            <height>40</height>
            <font>font24_title</font>
            <label>- $LOCALIZE[20342] $LOCALIZE[31145]: </label>
            <label2>[COLOR=selected]$INFO[Skin.String(HomeMenuMoviePlaylist)][/COLOR]</label2>
            <textcolor>grey2</textcolor>
            <focusedcolor>white</focusedcolor>
            <texturefocus>MenuItemFO.png</texturefocus>
            <texturenofocus>MenuItemNF.png</texturenofocus>
            <onclick>Skin.SetFile(HomeMenuMoviePlaylist,*.xsp,special://profile/playlists/)</onclick>
            <enable>Skin.HasSetting(HomeMenuMovieUsePlaylist)</enable>
          </control>
          <control type="radiobutton" id="228">
            <description>Use TV Shows playlist</description>
            <width>750</width>
            <height>40</height>
            <font>font24_title</font>
            <textcolor>grey2</textcolor>
            <focusedcolor>white</focusedcolor>
            <label>$LOCALIZE[31143] $LOCALIZE[20343] $LOCALIZE[31144]</label>
            <onclick>Skin.ToggleSetting(HomeMenuTVShowUsePlaylist)</onclick>
            <selected>Skin.HasSetting(HomeMenuTVShowUsePlaylist)</selected>
            <texturefocus>MenuItemFO.png</texturefocus>
            <texturenofocus>MenuItemNF.png</texturenofocus>
            <enable>Library.HasContent(Movies)</enable>
          </control>
          <control type="button" id="229">
            <width>750</width>
            <height>40</height>
            <font>font24_title</font>
            <label>- $LOCALIZE[20343] $LOCALIZE[31145]: </label>
            <label2>[COLOR=selected]$INFO[Skin.String(HomeMenuTVShowPlaylist)][/COLOR]</label2>
            <textcolor>grey2</textcolor>
            <focusedcolor>white</focusedcolor>
            <texturefocus>MenuItemFO.png</texturefocus>
            <texturenofocus>MenuItemNF.png</texturenofocus>
            <onclick>Skin.SetFile(HomeMenuTVShowPlaylist,*.xsp,special://profile/playlists/)</onclick>
            <enable>Skin.HasSetting(HomeMenuTVShowUsePlaylist)</enable>
          </control>
          <control type="radiobutton" id="230">
            <description>Use Music playlist</description>
            <width>750</width>
            <height>40</height>
            <font>font24_title</font>
            <textcolor>grey2</textcolor>
            <focusedcolor>white</focusedcolor>
            <label>$LOCALIZE[31143] $LOCALIZE[2] $LOCALIZE[31144]</label>
            <onclick>Skin.ToggleSetting(HomeMenuMusicUsePlaylist)</onclick>
            <selected>Skin.HasSetting(HomeMenuMusicUsePlaylist)</selected>
            <texturefocus>MenuItemFO.png</texturefocus>
            <texturenofocus>MenuItemNF.png</texturenofocus>
          </control>
          <control type="button" id="231">
            <width>750</width>
            <height>40</height>
            <font>font24_title</font>
            <label>- $LOCALIZE[2] $LOCALIZE[31145]: </label>
            <label2>[COLOR=selected]$INFO[Skin.String(HomeMenuMusicPlaylist)][/COLOR]</label2>
            <textcolor>grey2</textcolor>
            <focusedcolor>white</focusedcolor>
            <texturefocus>MenuItemFO.png</texturefocus>
            <texturenofocus>MenuItemNF.png</texturenofocus>
            <onclick>Skin.SetFile(HomeMenuMusicPlaylist,*.xsp,special://profile/playlists/)</onclick>
            <enable>Skin.HasSetting(HomeMenuMusicUsePlaylist)</enable>
          </control>
          <!-- Master buttons -->
          <control type="label" id="232">
            <width>750</width>
            <height>45</height>
            <font>font24_title</font>
            <label>31209</label>
            <textcolor>blue</textcolor>
            <shadowcolor>black</shadowcolor>
            <align>left</align>
            <aligny>center</aligny>
          </control>
          <control type="radiobutton" id="233">
            <description>Hide Videos Button</description>
            <width>750</width>
            <height>40</height>
            <font>font24_title</font>
            <textcolor>grey2</textcolor>
            <focusedcolor>white</focusedcolor>
            <label>$LOCALIZE[31111] - $LOCALIZE[3]</label>
            <onclick>Skin.ToggleSetting(MasterHomeMenuNoVideosButton)</onclick>
            <selected>Skin.HasSetting(MasterHomeMenuNoVideosButton)</selected>
            <texturefocus>MenuItemFO.png</texturefocus>
            <texturenofocus>MenuItemNF.png</texturenofocus>
          </control>
          <control type="radiobutton" id="234">
            <description>Hide Movies Button</description>
            <width>750</width>
            <height>40</height>
            <font>font24_title</font>
            <textcolor>grey2</textcolor>
            <focusedcolor>white</focusedcolor>
            <label>$LOCALIZE[31111] - $LOCALIZE[20342] [COLOR=grey3] ($LOCALIZE[20314])[/COLOR]</label>
            <onclick>Skin.ToggleSetting(MasterHomeMenuNoMovieButton)</onclick>
            <selected>Skin.HasSetting(MasterHomeMenuNoMovieButton)</selected>
            <texturefocus>MenuItemFO.png</texturefocus>
            <texturenofocus>MenuItemNF.png</texturenofocus>
            <enable>Library.HasContent(Movies)</enable>
          </control>
          <control type="radiobutton" id="235">
            <description>Hide TV Shows Button</description>
            <width>750</width>
            <height>40</height>
            <font>font24_title</font>
            <textcolor>grey2</textcolor>
            <focusedcolor>white</focusedcolor>
            <label>$LOCALIZE[31111] - $LOCALIZE[20343] [COLOR=grey3] ($LOCALIZE[20314])[/COLOR]</label>
            <onclick>Skin.ToggleSetting(MasterHomeMenuNoTVShowButton)</onclick>
            <selected>Skin.HasSetting(MasterHomeMenuNoTVShowButton)</selected>
            <texturefocus>MenuItemFO.png</texturefocus>
            <texturenofocus>MenuItemNF.png</texturenofocus>
            <enable>Library.HasContent(TVShows)</enable>
          </control>
          <control type="radiobutton" id="236">
            <description>Hide Music Button</description>
            <width>750</width>
            <height>40</height>
            <font>font24_title</font>
            <textcolor>grey2</textcolor>
            <focusedcolor>white</focusedcolor>
            <label>$LOCALIZE[31111] - $LOCALIZE[2]</label>
            <onclick>Skin.ToggleSetting(MasterHomeMenuNoMusicButton)</onclick>
            <selected>Skin.HasSetting(MasterHomeMenuNoMusicButton)</selected>
            <texturefocus>MenuItemFO.png</texturefocus>
            <texturenofocus>MenuItemNF.png</texturenofocus>
          </control>
          <control type="radiobutton" id="237">
            <description>Hide Pictures Button</description>
            <width>750</width>
            <height>40</height>
            <font>font24_title</font>
            <textcolor>grey2</textcolor>
            <focusedcolor>white</focusedcolor>
            <label>$LOCALIZE[31111] - $LOCALIZE[1]</label>
            <onclick>Skin.ToggleSetting(MasterHomeMenuNoPicturesButton)</onclick>
            <selected>Skin.HasSetting(MasterHomeMenuNoPicturesButton)</selected>
            <texturefocus>MenuItemFO.png</texturefocus>
            <texturenofocus>MenuItemNF.png</texturenofocus>
          </control>
          <control type="radiobutton" id="238">
            <description>Hide Programs Button</description>
            <width>750</width>
            <height>40</height>
            <font>font24_title</font>
            <textcolor>grey2</textcolor>
            <focusedcolor>white</focusedcolor>
            <label>$LOCALIZE[31111] - $LOCALIZE[24001]</label>
            <onclick>Skin.ToggleSetting(MasterHomeMenuNoProgramsButton)</onclick>
            <selected>Skin.HasSetting(MasterHomeMenuNoProgramsButton)</selected>
            <texturefocus>MenuItemFO.png</texturefocus>
            <texturenofocus>MenuItemNF.png</texturenofocus>
          </control>
          <control type="radiobutton" id="239">
            <description>Hide Weather Button</description>
            <width>750</width>
            <height>40</height>
            <font>font24_title</font>
            <textcolor>grey2</textcolor>
            <focusedcolor>white</focusedcolor>
            <label>$LOCALIZE[31111] - $LOCALIZE[8]</label>
            <onclick>Skin.ToggleSetting(MasterHomeMenuNoWeatherButton)</onclick>
            <selected>Skin.HasSetting(MasterHomeMenuNoWeatherButton)</selected>
            <texturefocus>MenuItemFO.png</texturefocus>
            <texturenofocus>MenuItemNF.png</texturenofocus>
          </control>
          <control type="radiobutton" id="240">
            <description>Hide Games Button</description>
            <width>750</width>
            <height>40</height>
            <font>font24_title</font>
            <textcolor>grey2</textcolor>
            <focusedcolor>white</focusedcolor>
            <label>$LOCALIZE[31111] - $LOCALIZE[15016]</label>
            <onclick>Skin.ToggleSetting(MasterHomeMenuNoGamesButton)</onclick>
            <selected>Skin.HasSetting(MasterHomeMenuNoGamesButton)</selected>
            <texturefocus>MenuItemFO.png</texturefocus>
            <texturenofocus>MenuItemNF.png</texturenofocus>
          </control>
        </control>
        <control type="scrollbar" id="60">
          <left>1060</left>
          <top>60</top>
          <width>25</width>
          <height>530</height>
          <texturesliderbackground border="0,14,0,14">ScrollBarV.png</texturesliderbackground>
          <texturesliderbar border="0,14,0,14">ScrollBarV_bar.png</texturesliderbar>
          <texturesliderbarfocus border="0,14,0,14">ScrollBarV_bar_focus.png</texturesliderbarfocus>
          <textureslidernib>ScrollBarNib.png</textureslidernib>
          <textureslidernibfocus>ScrollBarNib.png</textureslidernibfocus>
          <onleft>9002</onleft>
          <onright>9000</onright>
          <showonepage>false</showonepage>
          <orientation>vertical</orientation>
          <visible>Container(9000).Hasfocus(2)</visible>
        </control>
        <control type="grouplist" id="9003">
          <visible>Container(9000).Hasfocus(3)</visible>
          <left>290</left>
          <top>60</top>
          <width>750</width>
          <height>530</height>
          <itemgap>-1</itemgap>
          <pagecontrol>60</pagecontrol>
          <onleft>9000</onleft>
          <onright>60</onright>
          <onup>9003</onup>
          <ondown>9003</ondown>
          <control type="label" id="300">
            <width>750</width>
            <height>45</height>
            <font>font24_title</font>
            <label>31106</label>
            <textcolor>blue</textcolor>
            <shadowcolor>black</shadowcolor>
            <align>left</align>
            <aligny>center</aligny>
          </control>
          <control type="radiobutton" id="301">
            <width>750</width>
            <height>40</height>
            <font>font24_title</font>
            <label>31119</label>
            <textcolor>grey2</textcolor>
            <focusedcolor>white</focusedcolor>
            <texturefocus>MenuItemFO.png</texturefocus>
            <texturenofocus>MenuItemNF.png</texturenofocus>
            <onclick>Skin.ToggleSetting(HideBackGroundFanart)</onclick>
            <selected>Skin.HasSetting(HideBackGroundFanart)</selected>
          </control>
          <control type="radiobutton" id="302">
            <width>750</width>
            <height>40</height>
            <font>font24_title</font>
            <label>31129</label>
            <textcolor>grey2</textcolor>
            <focusedcolor>white</focusedcolor>
            <texturefocus>MenuItemFO.png</texturefocus>
            <texturenofocus>MenuItemNF.png</texturenofocus>
            <onclick>Skin.ToggleSetting(HideVisualizationFanart)</onclick>
            <selected>Skin.HasSetting(HideVisualizationFanart)</selected>
          </control>
          <control type="radiobutton" id="303">
            <width>750</width>
            <height>40</height>
            <font>font24_title</font>
            <label>31124</label>
            <textcolor>grey2</textcolor>
            <focusedcolor>white</focusedcolor>
            <texturefocus>MenuItemFO.png</texturefocus>
            <texturenofocus>MenuItemNF.png</texturenofocus>
            <onclick>Skin.ToggleSetting(ShowBackgroundVideo)</onclick>
            <selected>!Skin.HasSetting(ShowBackgroundVideo)</selected>
          </control>
          <control type="radiobutton" id="304">
            <width>750</width>
            <height>40</height>
            <font>font24_title</font>
            <label>31125</label>
            <textcolor>grey2</textcolor>
            <focusedcolor>white</focusedcolor>
            <texturefocus>MenuItemFO.png</texturefocus>
            <texturenofocus>MenuItemNF.png</texturenofocus>
            <onclick>Skin.ToggleSetting(ShowBackgroundVis)</onclick>
            <selected>!Skin.HasSetting(ShowBackgroundVis)</selected>
          </control>
          <control type="label" id="310">
            <width>750</width>
            <height>45</height>
            <font>font24_title</font>
            <label>31102</label>
            <textcolor>blue</textcolor>
            <shadowcolor>black</shadowcolor>
            <align>left</align>
            <aligny>center</aligny>
          </control>
          <control type="radiobutton" id="311">
            <width>750</width>
            <height>40</height>
            <font>font24_title</font>
            <label>31109</label>
            <textcolor>grey2</textcolor>
            <focusedcolor>white</focusedcolor>
            <texturefocus>MenuItemFO.png</texturefocus>
            <texturenofocus>MenuItemNF.png</texturenofocus>
            <onclick>Skin.ToggleSetting(UseCustomBackground)</onclick>
            <selected>Skin.HasSetting(UseCustomBackground)</selected>
          </control>
          <control type="button" id="312">
            <width>750</width>
            <height>40</height>
            <font>font24_title</font>
            <label>- $LOCALIZE[31110]</label>
            <label2>[COLOR=selected]$INFO[Skin.String(CustomBackgroundPath)][/COLOR]</label2>
            <textcolor>grey2</textcolor>
            <focusedcolor>white</focusedcolor>
            <texturefocus>MenuItemFO.png</texturefocus>
            <texturenofocus>MenuItemNF.png</texturenofocus>
            <onclick>Skin.SetImage(CustomBackgroundPath)</onclick>
            <enable>Skin.HasSetting(UseCustomBackground)</enable>
          </control>
          <control type="button" id="313">
            <width>750</width>
            <height>40</height>
            <font>font24_title</font>
            <label>- $LOCALIZE[31113]</label>
            <label2>[COLOR=selected]$INFO[Skin.String(MasterCustomBackgroundPath)][/COLOR]</label2>
            <textcolor>grey2</textcolor>
            <focusedcolor>white</focusedcolor>
            <texturefocus>MenuItemFO.png</texturefocus>
            <texturenofocus>MenuItemNF.png</texturenofocus>
            <onclick>Skin.SetImage(MasterCustomBackgroundPath)</onclick>
            <enable>Skin.HasSetting(UseCustomBackground)</enable>
          </control>
          <control type="button" id="316">
            <width>750</width>
            <height>40</height>
            <font>font24_title</font>
            <label>Dim Level</label>
            <label2>[COLOR=selected]$INFO[Skin.String(background_color_diffuse)] %[/COLOR]</label2>
            <textcolor>grey2</textcolor>
            <focusedcolor>white</focusedcolor>
            <texturefocus>MenuItemFO.png</texturefocus>
            <texturenofocus>MenuItemNF.png</texturenofocus>
            <!--5-->
            <onclick>skin.setstring(background_color_diffuse,5)</onclick>
            <!-- 10 -->
            <onclick condition="String.IsEqual(skin.string(background_color_diffuse),5)">skin.setstring(background_color_diffuse,10)</onclick>
            <!-- 15 -->
            <onclick condition="String.IsEqual(skin.string(background_color_diffuse),10)">skin.setstring(background_color_diffuse,15)</onclick>
            <!-- 20 -->
            <onclick condition="String.IsEqual(skin.string(background_color_diffuse),15)">skin.setstring(background_color_diffuse,20)</onclick>
            <!-- 25 -->
            <onclick condition="String.IsEqual(skin.string(background_color_diffuse),20)">skin.setstring(background_color_diffuse,25)</onclick>
            <!-- 30 -->
            <onclick condition="String.IsEqual(skin.string(background_color_diffuse),25)">skin.setstring(background_color_diffuse,30)</onclick>
            <!-- 35 -->
            <onclick condition="String.IsEqual(skin.string(background_color_diffuse),30)">skin.setstring(background_color_diffuse,35)</onclick>
            <!-- 40 -->
            <onclick condition="String.IsEqual(skin.string(background_color_diffuse),35)">skin.setstring(background_color_diffuse,40)</onclick>
            <!-- 45 -->
            <onclick condition="String.IsEqual(skin.string(background_color_diffuse),40)">skin.setstring(background_color_diffuse,45)</onclick>
            <!-- 50 -->
            <onclick condition="String.IsEqual(skin.string(background_color_diffuse),45)">skin.setstring(background_color_diffuse,50)</onclick>
            <!-- 55 -->
            <onclick condition="String.IsEqual(skin.string(background_color_diffuse),50)">skin.setstring(background_color_diffuse,55)</onclick>
            <!-- 60 -->
            <onclick condition="String.IsEqual(skin.string(background_color_diffuse),55)">skin.setstring(background_color_diffuse,60)</onclick>
            <!-- 65 -->
            <onclick condition="String.IsEqual(skin.string(background_color_diffuse),60)">skin.setstring(background_color_diffuse,65)</onclick>
            <!-- 70 -->
            <onclick condition="String.IsEqual(skin.string(background_color_diffuse),65)">skin.setstring(background_color_diffuse,70)</onclick>
            <!-- 75 -->
            <onclick condition="String.IsEqual(skin.string(background_color_diffuse),70)">skin.setstring(background_color_diffuse,75)</onclick>
            <!-- 80 -->
            <onclick condition="String.IsEqual(skin.string(background_color_diffuse),75)">skin.setstring(background_color_diffuse,80)</onclick>
            <!-- 85 -->
            <onclick condition="String.IsEqual(skin.string(background_color_diffuse),80)">skin.setstring(background_color_diffuse,85)</onclick>
            <!-- 90 -->
            <onclick condition="String.IsEqual(skin.string(background_color_diffuse),85)">skin.setstring(background_color_diffuse,90)</onclick>
            <!-- 95 -->
            <onclick condition="String.IsEqual(skin.string(background_color_diffuse),90)">skin.setstring(background_color_diffuse,95)</onclick>
            <!-- 100 -->
            <onclick condition="String.IsEqual(skin.string(background_color_diffuse),95)">skin.setstring(background_color_diffuse,100)</onclick>
            <!-- BACK to 0 -->
            <onclick condition="String.IsEqual(skin.string(background_color_diffuse),100)">skin.setstring(background_color_diffuse,0)</onclick>
          </control>
          <control type="label" id="314">
            <width>750</width>
            <height>45</height>
            <font>font24_title</font>
            <label>PDC Background</label>
            <textcolor>blue</textcolor>
            <shadowcolor>black</shadowcolor>
            <align>left</align>
            <aligny>center</aligny>
          </control>
          <control type="button" id="315">
            <width>750</width>
            <height>40</height>
            <font>font24_title</font>
            <label>Set Car for PDC Background</label>
            <label2_off>[COLOR=selected]$INFO[Skin.String(CustomBackgroundPath)][/COLOR]</label2_off>
            <textcolor>grey2</textcolor>
            <focusedcolor>white</focusedcolor>
            <texturefocus>MenuItemFO.png</texturefocus>
            <texturenofocus>MenuItemNF.png</texturenofocus>
            <onclick>Skin.SetImage(IBUS_PDC_BG_IMG,special://skin/media/bmw/pdc/bgs)</onclick>
          </control>
        </control>
        <control type="group">
          <control type="grouplist" id="9004">
            <visible>Container(9000).Hasfocus(4)</visible>
            <left>290</left>
            <top>60</top>
            <width>750</width>
            <height>530</height>
            <itemgap>-1</itemgap>
            <pagecontrol>61</pagecontrol>
            <onleft>9000</onleft>
            <onright>61</onright>
            <onup>9004</onup>
            <ondown>9004</ondown>
            <control type="label" id="400">
              <width>750</width>
              <height>45</height>
              <font>font24_title</font>
              <label>31140</label>
              <textcolor>blue</textcolor>
              <shadowcolor>black</shadowcolor>
              <align>left</align>
              <aligny>center</aligny>
            </control>
            <control type="button" id="401">
              <width>750</width>
              <height>40</height>
              <font>font24_title</font>
              <label>$LOCALIZE[31132]</label>
              <label2>[COLOR=selected]$INFO[system.addontitle(Skin.String(LyricScript_Path))][/COLOR]</label2>
              <textcolor>grey2</textcolor>
              <focusedcolor>white</focusedcolor>
              <texturefocus>MenuItemFO.png</texturefocus>
              <texturenofocus>MenuItemNF.png</texturenofocus>
              <onclick>Skin.SetAddon(LyricScript_Path,xbmc.python.lyrics)</onclick>
            </control>
            <control type="button" id="402">
              <width>750</width>
              <height>40</height>
              <font>font24_title</font>
              <label>- $LOCALIZE[24020]</label>
              <textcolor>grey2</textcolor>
              <focusedcolor>white</focusedcolor>
              <texturefocus>MenuItemFO.png</texturefocus>
              <texturenofocus>MenuItemNF.png</texturenofocus>
              <enable>!String.IsEmpty(Skin.String(LyricScript_Path))</enable>
              <onclick>Addon.OpenSettings($INFO[Skin.String(LyricScript_Path)])</onclick>
            </control>
            <control type="label" id="410">
              <width>750</width>
              <height>45</height>
              <font>font24_title</font>
              <label>31134</label>
              <textcolor>blue</textcolor>
              <shadowcolor>black</shadowcolor>
              <align>left</align>
              <aligny>center</aligny>
            </control>
            <control type="button" id="411">
              <width>750</width>
              <height>40</height>
              <font>font24_title</font>
              <label>$LOCALIZE[24000] [B]1[/B]</label>
              <label2>[COLOR=selected]$INFO[system.addontitle(Skin.String(HomeVideosButton1))][/COLOR]</label2>
              <textcolor>grey2</textcolor>
              <focusedcolor>white</focusedcolor>
              <texturefocus>MenuItemFO.png</texturefocus>
              <texturenofocus>MenuItemNF.png</texturenofocus>
              <onclick>Skin.SetAddon(HomeVideosButton1,xbmc.addon.video)</onclick>
            </control>
            <control type="button" id="412">
              <width>750</width>
              <height>40</height>
              <font>font24_title</font>
              <label>$LOCALIZE[24000] [B]2[/B]</label>
              <label2>[COLOR=selected]$INFO[system.addontitle(Skin.String(HomeVideosButton2))][/COLOR]</label2>
              <textcolor>grey2</textcolor>
              <focusedcolor>white</focusedcolor>
              <texturefocus>MenuItemFO.png</texturefocus>
              <texturenofocus>MenuItemNF.png</texturenofocus>
              <onclick>Skin.SetAddon(HomeVideosButton2,xbmc.addon.video)</onclick>
            </control>
            <control type="button" id="413">
              <width>750</width>
              <height>40</height>
              <font>font24_title</font>
              <label>$LOCALIZE[24000] [B]3[/B]</label>
              <label2>[COLOR=selected]$INFO[system.addontitle(Skin.String(HomeVideosButton3))][/COLOR]</label2>
              <textcolor>grey2</textcolor>
              <focusedcolor>white</focusedcolor>
              <texturefocus>MenuItemFO.png</texturefocus>
              <texturenofocus>MenuItemNF.png</texturenofocus>
              <onclick>Skin.SetAddon(HomeVideosButton3,xbmc.addon.video)</onclick>
            </control>
            <control type="button" id="414">
              <width>750</width>
              <height>40</height>
              <font>font24_title</font>
              <label>$LOCALIZE[24000] [B]4[/B]</label>
              <label2>[COLOR=selected]$INFO[system.addontitle(Skin.String(HomeVideosButton4))][/COLOR]</label2>
              <textcolor>grey2</textcolor>
              <focusedcolor>white</focusedcolor>
              <texturefocus>MenuItemFO.png</texturefocus>
              <texturenofocus>MenuItemNF.png</texturenofocus>
              <onclick>Skin.SetAddon(HomeVideosButton4,xbmc.addon.video)</onclick>
            </control>
            <control type="button" id="415">
              <width>750</width>
              <height>40</height>
              <font>font24_title</font>
              <label>$LOCALIZE[24000] [B]5[/B]</label>
              <label2>[COLOR=selected]$INFO[system.addontitle(Skin.String(HomeVideosButton5))][/COLOR]</label2>
              <textcolor>grey2</textcolor>
              <focusedcolor>white</focusedcolor>
              <texturefocus>MenuItemFO.png</texturefocus>
              <texturenofocus>MenuItemNF.png</texturenofocus>
              <onclick>Skin.SetAddon(HomeVideosButton5,xbmc.addon.video)</onclick>
            </control>
            <control type="label" id="420">
              <width>750</width>
              <height>45</height>
              <font>font24_title</font>
              <label>31135</label>
              <textcolor>blue</textcolor>
              <shadowcolor>black</shadowcolor>
              <align>left</align>
              <aligny>center</aligny>
            </control>
            <control type="button" id="421">
              <width>750</width>
              <height>40</height>
              <font>font24_title</font>
              <label>$LOCALIZE[24000] [B]1[/B]</label>
              <label2>[COLOR=selected]$INFO[system.addontitle(Skin.String(HomeMusicButton1))][/COLOR]</label2>
              <textcolor>grey2</textcolor>
              <focusedcolor>white</focusedcolor>
              <texturefocus>MenuItemFO.png</texturefocus>
              <texturenofocus>MenuItemNF.png</texturenofocus>
              <onclick>Skin.SetAddon(HomeMusicButton1,xbmc.addon.audio)</onclick>
            </control>
            <control type="button" id="422">
              <width>750</width>
              <height>40</height>
              <font>font24_title</font>
              <label>$LOCALIZE[24000] [B]2[/B]</label>
              <label2>[COLOR=selected]$INFO[system.addontitle(Skin.String(HomeMusicButton2))][/COLOR]</label2>
              <textcolor>grey2</textcolor>
              <focusedcolor>white</focusedcolor>
              <texturefocus>MenuItemFO.png</texturefocus>
              <texturenofocus>MenuItemNF.png</texturenofocus>
              <onclick>Skin.SetAddon(HomeMusicButton2,xbmc.addon.audio)</onclick>
            </control>
            <control type="button" id="423">
              <width>750</width>
              <height>40</height>
              <font>font24_title</font>
              <label>$LOCALIZE[24000] [B]3[/B]</label>
              <label2>[COLOR=selected]$INFO[system.addontitle(Skin.String(HomeMusicButton3))][/COLOR]</label2>
              <textcolor>grey2</textcolor>
              <focusedcolor>white</focusedcolor>
              <texturefocus>MenuItemFO.png</texturefocus>
              <texturenofocus>MenuItemNF.png</texturenofocus>
              <onclick>Skin.SetAddon(HomeMusicButton3,xbmc.addon.audio)</onclick>
            </control>
            <control type="button" id="424">
              <width>750</width>
              <height>40</height>
              <font>font24_title</font>
              <label>$LOCALIZE[24000] [B]4[/B]</label>
              <label2>[COLOR=selected]$INFO[system.addontitle(Skin.String(HomeMusicButton4))][/COLOR]</label2>
              <textcolor>grey2</textcolor>
              <focusedcolor>white</focusedcolor>
              <texturefocus>MenuItemFO.png</texturefocus>
              <texturenofocus>MenuItemNF.png</texturenofocus>
              <onclick>Skin.SetAddon(HomeMusicButton4,xbmc.addon.audio)</onclick>
            </control>
            <control type="button" id="425">
              <width>750</width>
              <height>40</height>
              <font>font24_title</font>
              <label>$LOCALIZE[24000] [B]5[/B]</label>
              <label2>[COLOR=selected]$INFO[system.addontitle(Skin.String(HomeMusicButton5))][/COLOR]</label2>
              <textcolor>grey2</textcolor>
              <focusedcolor>white</focusedcolor>
              <texturefocus>MenuItemFO.png</texturefocus>
              <texturenofocus>MenuItemNF.png</texturenofocus>
              <onclick>Skin.SetAddon(HomeMusicButton5,xbmc.addon.audio)</onclick>
            </control>
            <control type="label" id="430">
              <width>750</width>
              <height>45</height>
              <font>font24_title</font>
              <label>31136</label>
              <textcolor>blue</textcolor>
              <shadowcolor>black</shadowcolor>
              <align>left</align>
              <aligny>center</aligny>
            </control>
            <control type="button" id="431">
              <width>750</width>
              <height>40</height>
              <font>font24_title</font>
              <label>$LOCALIZE[24000] [B]1[/B]</label>
              <label2>[COLOR=selected]$INFO[system.addontitle(Skin.String(HomePictureButton1))][/COLOR]</label2>
              <textcolor>grey2</textcolor>
              <focusedcolor>white</focusedcolor>
              <texturefocus>MenuItemFO.png</texturefocus>
              <texturenofocus>MenuItemNF.png</texturenofocus>
              <onclick>Skin.SetAddon(HomePictureButton1,xbmc.addon.image)</onclick>
            </control>
            <control type="button" id="432">
              <width>750</width>
              <height>40</height>
              <font>font24_title</font>
              <label>$LOCALIZE[24000] [B]2[/B]</label>
              <label2>[COLOR=selected]$INFO[system.addontitle(Skin.String(HomePictureButton2))][/COLOR]</label2>
              <textcolor>grey2</textcolor>
              <focusedcolor>white</focusedcolor>
              <texturefocus>MenuItemFO.png</texturefocus>
              <texturenofocus>MenuItemNF.png</texturenofocus>
              <onclick>Skin.SetAddon(HomePictureButton2,xbmc.addon.image)</onclick>
            </control>
            <control type="button" id="433">
              <width>750</width>
              <height>40</height>
              <font>font24_title</font>
              <label>$LOCALIZE[24000] [B]3[/B]</label>
              <label2>[COLOR=selected]$INFO[system.addontitle(Skin.String(HomePictureButton3))][/COLOR]</label2>
              <textcolor>grey2</textcolor>
              <focusedcolor>white</focusedcolor>
              <texturefocus>MenuItemFO.png</texturefocus>
              <texturenofocus>MenuItemNF.png</texturenofocus>
              <onclick>Skin.SetAddon(HomePictureButton3,xbmc.addon.image)</onclick>
            </control>
            <control type="button" id="434">
              <width>750</width>
              <height>40</height>
              <font>font24_title</font>
              <label>$LOCALIZE[24000] [B]4[/B]</label>
              <label2>[COLOR=selected]$INFO[system.addontitle(Skin.String(HomePictureButton4))][/COLOR]</label2>
              <textcolor>grey2</textcolor>
              <focusedcolor>white</focusedcolor>
              <texturefocus>MenuItemFO.png</texturefocus>
              <texturenofocus>MenuItemNF.png</texturenofocus>
              <onclick>Skin.SetAddon(HomePictureButton4,xbmc.addon.image)</onclick>
            </control>
            <control type="button" id="435">
              <width>750</width>
              <height>40</height>
              <font>font24_title</font>
              <label>$LOCALIZE[24000] [B]5[/B]</label>
              <label2>[COLOR=selected]$INFO[system.addontitle(Skin.String(HomePictureButton5))][/COLOR]</label2>
              <textcolor>grey2</textcolor>
              <focusedcolor>white</focusedcolor>
              <texturefocus>MenuItemFO.png</texturefocus>
              <texturenofocus>MenuItemNF.png</texturenofocus>
              <onclick>Skin.SetAddon(HomePictureButton5,xbmc.addon.image)</onclick>
            </control>
            <control type="label" id="440">
              <width>750</width>
              <height>45</height>
              <font>font24_title</font>
              <label>31118</label>
              <textcolor>blue</textcolor>
              <shadowcolor>black</shadowcolor>
              <align>left</align>
              <aligny>center</aligny>
            </control>
            <control type="button" id="441">
              <width>750</width>
              <height>40</height>
              <font>font24_title</font>
              <label>$LOCALIZE[24000] [B]1[/B]</label>
              <label2>[COLOR=selected]$INFO[system.addontitle(Skin.String(HomeProgramButton1))][/COLOR]</label2>
              <textcolor>grey2</textcolor>
              <focusedcolor>white</focusedcolor>
              <texturefocus>MenuItemFO.png</texturefocus>
              <texturenofocus>MenuItemNF.png</texturenofocus>
              <onclick>Skin.SetAddon(HomeProgramButton1,xbmc.addon.executable)</onclick>
            </control>
            <control type="button" id="442">
              <width>750</width>
              <height>40</height>
              <font>font24_title</font>
              <label>$LOCALIZE[24000] [B]2[/B]</label>
              <label2>[COLOR=selected]$INFO[system.addontitle(Skin.String(HomeProgramButton2))][/COLOR]</label2>
              <textcolor>grey2</textcolor>
              <focusedcolor>white</focusedcolor>
              <texturefocus>MenuItemFO.png</texturefocus>
              <texturenofocus>MenuItemNF.png</texturenofocus>
              <onclick>Skin.SetAddon(HomeProgramButton2,xbmc.addon.executable)</onclick>
            </control>
            <control type="button" id="443">
              <width>750</width>
              <height>40</height>
              <font>font24_title</font>
              <label>$LOCALIZE[24000] [B]3[/B]</label>
              <label2>[COLOR=selected]$INFO[system.addontitle(Skin.String(HomeProgramButton3))][/COLOR]</label2>
              <textcolor>grey2</textcolor>
              <focusedcolor>white</focusedcolor>
              <texturefocus>MenuItemFO.png</texturefocus>
              <texturenofocus>MenuItemNF.png</texturenofocus>
              <onclick>Skin.SetAddon(HomeProgramButton3,xbmc.addon.executable)</onclick>
            </control>
            <control type="button" id="444">
              <width>750</width>
              <height>40</height>
              <font>font24_title</font>
              <label>$LOCALIZE[24000] [B]4[/B]</label>
              <label2>[COLOR=selected]$INFO[system.addontitle(Skin.String(HomeProgramButton4))][/COLOR]</label2>
              <textcolor>grey2</textcolor>
              <focusedcolor>white</focusedcolor>
              <texturefocus>MenuItemFO.png</texturefocus>
              <texturenofocus>MenuItemNF.png</texturenofocus>
              <onclick>Skin.SetAddon(HomeProgramButton4,xbmc.addon.executable)</onclick>
            </control>
            <control type="button" id="445">
              <width>750</width>
              <height>40</height>
              <font>font24_title</font>
              <label>$LOCALIZE[24000] [B]5[/B]</label>
              <label2>[COLOR=selected]$INFO[system.addontitle(Skin.String(HomeProgramButton5))][/COLOR]</label2>
              <textcolor>grey2</textcolor>
              <focusedcolor>white</focusedcolor>
              <texturefocus>MenuItemFO.png</texturefocus>
              <texturenofocus>MenuItemNF.png</texturenofocus>
              <onclick>Skin.SetAddon(HomeProgramButton5,xbmc.addon.executable)</onclick>
            </control>
            <control type="label" id="450">
              <width>750</width>
              <height>45</height>
              <font>font24_title</font>
              <label>31120</label>
              <textcolor>blue</textcolor>
              <shadowcolor>black</shadowcolor>
              <align>left</align>
              <aligny>center</aligny>
            </control>
            <control type="button" id="451">
              <width>750</width>
              <height>40</height>
              <font>font24_title</font>
              <label>$LOCALIZE[24000] [B]1[/B]</label>
              <label2>[COLOR=selected]$INFO[system.addontitle(Skin.String(HomeGameButton1))][/COLOR]</label2>
              <textcolor>grey2</textcolor>
              <focusedcolor>white</focusedcolor>
              <texturefocus>MenuItemFO.png</texturefocus>
              <texturenofocus>MenuItemNF.png</texturenofocus>
              <onclick>Skin.SetAddon(HomeGameButton1,kodi.gameclient)</onclick>
            </control>
            <control type="button" id="452">
              <width>750</width>
              <height>40</height>
              <font>font24_title</font>
              <label>$LOCALIZE[24000] [B]2[/B]</label>
              <label2>[COLOR=selected]$INFO[system.addontitle(Skin.String(HomeGameButton2))][/COLOR]</label2>
              <textcolor>grey2</textcolor>
              <focusedcolor>white</focusedcolor>
              <texturefocus>MenuItemFO.png</texturefocus>
              <texturenofocus>MenuItemNF.png</texturenofocus>
              <onclick>Skin.SetAddon(HomeGameButton2,kodi.gameclient)</onclick>
            </control>
            <control type="button" id="453">
              <width>750</width>
              <height>40</height>
              <font>font24_title</font>
              <label>$LOCALIZE[24000] [B]3[/B]</label>
              <label2>[COLOR=selected]$INFO[system.addontitle(Skin.String(HomeGameButton3))][/COLOR]</label2>
              <textcolor>grey2</textcolor>
              <focusedcolor>white</focusedcolor>
              <texturefocus>MenuItemFO.png</texturefocus>
              <texturenofocus>MenuItemNF.png</texturenofocus>
              <onclick>Skin.SetAddon(HomeGameButton3,kodi.gameclient)</onclick>
            </control>
            <control type="button" id="454">
              <width>750</width>
              <height>40</height>
              <font>font24_title</font>
              <label>$LOCALIZE[24000] [B]4[/B]</label>
              <label2>[COLOR=selected]$INFO[system.addontitle(Skin.String(HomeGameButton4))][/COLOR]</label2>
              <textcolor>grey2</textcolor>
              <focusedcolor>white</focusedcolor>
              <texturefocus>MenuItemFO.png</texturefocus>
              <texturenofocus>MenuItemNF.png</texturenofocus>
              <onclick>Skin.SetAddon(HomeGameButton4,kodi.gameclient)</onclick>
            </control>
            <control type="button" id="455">
              <width>750</width>
              <height>40</height>
              <font>font24_title</font>
              <label>$LOCALIZE[24000] [B]5[/B]</label>
              <label2>[COLOR=selected]$INFO[system.addontitle(Skin.String(HomeGameButton5))][/COLOR]</label2>
              <textcolor>grey2</textcolor>
              <focusedcolor>white</focusedcolor>
              <texturefocus>MenuItemFO.png</texturefocus>
              <texturenofocus>MenuItemNF.png</texturenofocus>
              <onclick>Skin.SetAddon(HomeGameButton5,kodi.gameclient)</onclick>
            </control>
          </control>
        </control>
        <control type="scrollbar" id="61">
          <left>1060</left>
          <top>60</top>
          <width>25</width>
          <height>530</height>
          <texturesliderbackground border="0,14,0,14">ScrollBarV.png</texturesliderbackground>
          <texturesliderbar border="0,14,0,14">ScrollBarV_bar.png</texturesliderbar>
          <texturesliderbarfocus border="0,14,0,14">ScrollBarV_bar_focus.png</texturesliderbarfocus>
          <textureslidernib>ScrollBarNib.png</textureslidernib>
          <textureslidernibfocus>ScrollBarNib.png</textureslidernibfocus>
          <onleft>9004</onleft>
          <onright>9000</onright>
          <showonepage>false</showonepage>
          <orientation>vertical</orientation>
          <visible>Container(9000).Hasfocus(4)</visible>
        </control>
      </control>
    </control>
    <include>CommonNowPlaying</include>
    <include>MainWindowMouseButtons</include>
    <include>BehindDialogFadeOut</include>
  </controls>
</window>