﻿<?xml version="1.0" encoding="utf-8"?>
<includes>
  <include name="CommonRootView">
    <control type="group">
      <visible>Control.IsVisible(50)</visible>
      <include>VisibleFadeEffect</include>
      <control type="list" id="50">
        <left>70</left>
        <top>78</top>
        <width>690</width>
        <height>561</height>
        <onleft>2</onleft>
        <onright>60</onright>
        <onup>50</onup>
        <ondown>50</ondown>
        <viewtype label="535">list</viewtype>
        <pagecontrol>60</pagecontrol>
        <scrolltime>200</scrolltime>
        <itemlayout height="60" width="580">
          <control type="image">
            <left>0</left>
            <top>0</top>
            <width>690</width>
            <height>61</height>
            <texture border="0,2,0,2">MenuItemNF.png</texture>
          </control>
          <control type="label">
            <left>10</left>
            <top>-5</top>
            <width>580</width>
            <height>60</height>
            <font>font55_title</font>
            <textcolor>grey2</textcolor>
            <selectedcolor>selected</selectedcolor>
            <align>left</align>
            <aligny>center</aligny>
            <label>$INFO[ListItem.Label]</label>
          </control>
          <control type="label">
            <left>280</left>
            <top>0</top>
            <width>400</width>
            <height>60</height>
            <font>font24_title</font>
            <textcolor>grey2</textcolor>
            <selectedcolor>selected</selectedcolor>
            <align>right</align>
            <aligny>center</aligny>
            <label>$INFO[ListItem.Label2]</label>
            <visible>!Window.IsVisible(Videos)</visible>
          </control>
          <control type="label">
            <left>220</left>
            <top>0</top>
            <width>400</width>
            <height>60</height>
            <font>font24_title</font>
            <textcolor>grey2</textcolor>
            <selectedcolor>selected</selectedcolor>
            <align>right</align>
            <aligny>center</aligny>
            <label>$INFO[ListItem.Label2]</label>
            <visible>Window.IsVisible(Videos)</visible>
            <animation effect="slide" start="0,0" end="40,0" delay="0" time="0" condition="![Container.Content(Movies) | Container.Content(Episodes) | Container.Content(MusicVideos)]">conditional</animation>
          </control>
          <control type="image">
            <left>625</left>
            <top>8</top>
            <width>54</width>
            <height>46</height>
            <texture>$VAR[MediaInfoOverlayVar]</texture>
            <aspectratio>keep</aspectratio>
            <visible>Window.IsVisible(Videos) + [Container.Content(Movies) | Container.Content(Sets) | Container.Content(Episodes) | Container.Content(MusicVideos)]</visible>
          </control>
          <control type="image">
            <left>665</left>
            <top>14</top>
            <width>44</width>
            <height>44</height>
            <texture>OverlayWatching.png</texture>
            <visible>Window.IsVisible(Videos) + ListItem.IsResumable</visible>
          </control>
          <control type="image">
            <left>665</left>
            <top>14</top>
            <width>50</width>
            <height>44</height>
            <texture>$INFO[ListItem.Overlay]</texture>
            <aspectratio>keep</aspectratio>
            <visible>Window.IsVisible(Videos)</visible>
          </control>
        </itemlayout>
        <focusedlayout height="60" width="580">
          <control type="image">
            <left>0</left>
            <top>0</top>
            <width>690</width>
            <height>61</height>
            <texture border="0,2,0,2">MenuItemNF.png</texture>
            <visible>!Control.HasFocus(50)</visible>
            <include>VisibleFadeEffect</include>
          </control>
          <control type="image">
            <left>0</left>
            <top>0</top>
            <width>690</width>
            <height>61</height>
            <texture border="0,2,0,2">MenuItemFO.png</texture>
            <visible>Control.HasFocus(50)</visible>
            <include>VisibleFadeEffect</include>
          </control>
          <control type="image">
            <left>490</left>
            <top>5</top>
            <width>200</width>
            <height>51</height>
            <texture border="0,0,14,0">MediaItemDetailBG.png</texture>
            <visible>Control.HasFocus(50) + !String.IsEmpty(ListItem.Label2)</visible>
          </control>
          <control type="label">
            <left>10</left>
            <top>-5</top>
            <width>580</width>
            <height>60</height>
            <font>font55_title</font>
            <textcolor>$VAR[TextColor2]</textcolor>
            <selectedcolor>selected</selectedcolor>
            <align>left</align>
            <aligny>center</aligny>
            <label>$INFO[ListItem.Label]</label>
          </control>
          <control type="label">
            <left>280</left>
            <top>0</top>
            <width>400</width>
            <height>60</height>
            <font>font24_title</font>
            <textcolor>grey2</textcolor>
            <selectedcolor>selected</selectedcolor>
            <align>right</align>
            <aligny>center</aligny>
            <label>$INFO[ListItem.Label2]</label>
            <visible>!Window.IsVisible(Videos)</visible>
          </control>
          <control type="label">
            <left>220</left>
            <top>0</top>
            <width>400</width>
            <height>60</height>
            <font>font24_title</font>
            <textcolor>grey2</textcolor>
            <selectedcolor>selected</selectedcolor>
            <align>right</align>
            <aligny>center</aligny>
            <label>$INFO[ListItem.Label2]</label>
            <visible>Window.IsVisible(Videos)</visible>
            <animation effect="slide" start="0,0" end="40,0" delay="0" time="0" condition="![Container.Content(Movies) | Container.Content(Episodes) | Container.Content(MusicVideos)]">conditional</animation>
          </control>
          <control type="image">
            <left>625</left>
            <top>8</top>
            <width>54</width>
            <height>46</height>
            <texture>$VAR[MediaInfoOverlayVar]</texture>
            <aspectratio>keep</aspectratio>
            <visible>Window.IsVisible(Videos) + [Container.Content(Movies) | Container.Content(Sets) | Container.Content(Episodes) | Container.Content(MusicVideos)]</visible>
          </control>
          <control type="image">
            <left>665</left>
            <top>14</top>
            <width>44</width>
            <height>44</height>
            <texture>OverlayWatching.png</texture>
            <visible>Window.IsVisible(Videos) + ListItem.IsResumable</visible>
          </control>
          <control type="image">
            <left>665</left>
            <top>14</top>
            <width>50</width>
            <height>44</height>
            <texture>$INFO[ListItem.Overlay]</texture>
            <aspectratio>keep</aspectratio>
            <visible>Window.IsVisible(Videos)</visible>
          </control>
        </focusedlayout>
      </control>
      <control type="scrollbar" id="60">
        <left>760</left>
        <top>85</top>
        <width>25</width>
        <height>550</height>
        <texturesliderbackground border="0,14,0,14">ScrollBarV.png</texturesliderbackground>
        <texturesliderbar border="0,14,0,14">ScrollBarV_bar.png</texturesliderbar>
        <texturesliderbarfocus border="0,14,0,14">ScrollBarV_bar_focus.png</texturesliderbarfocus>
        <textureslidernib>ScrollBarNib.png</textureslidernib>
        <textureslidernibfocus>ScrollBarNib.png</textureslidernibfocus>
        <onleft>50</onleft>
        <onright>2</onright>
        <showonepage>false</showonepage>
        <orientation>vertical</orientation>
        <visible>Control.IsVisible(50)</visible>
      </control>
      <control type="group">
        <depth>DepthContent-</depth>
        <left>850</left>
        <top>100</top>
        <visible>Control.IsVisible(50)</visible>
        <control type="image">
          <left>0</left>
          <top>0</top>
          <width>360</width>
          <height>540</height>
          <aspectratio aligny="bottom">keep</aspectratio>
          <fadetime>IconCrossfadeTime</fadetime>
          <texture background="true">$VAR[PosterThumb]</texture>
          <bordertexture border="8">ThumbShadow.png</bordertexture>
          <bordersize>8</bordersize>
        </control>
        <control type="image">
          <left>8</left>
          <top>532</top>
          <width>344</width>
          <height>524</height>
          <aspectratio aligny="top">keep</aspectratio>
          <fadetime>IconCrossfadeTime</fadetime>
          <texture diffuse="diffuse_mirror3.png" flipy="true" background="true">$VAR[PosterThumb]</texture>
        </control>
      </control>
    </control>
  </include>
  <include name="ThumbnailView">
    <control type="group">
      <visible>Control.IsVisible(500)</visible>
      <include>VisibleFadeEffect</include>
      <control type="panel" id="500">
        <left>90</left>
        <top>80</top>
        <width>1080</width>
        <height>558</height>
        <onleft>2</onleft>
        <onright>60</onright>
        <onup>500</onup>
        <ondown>500</ondown>
        <viewtype label="21371">list</viewtype>
        <pagecontrol>60</pagecontrol>
        <scrolltime>200</scrolltime>
        <preloaditems>2</preloaditems>
        <itemlayout condition="!Container.Content(Movies) + !Container.Content(Seasons) + !Container.Content(TVShows) + !Container.Content(Sets)" height="186" width="216">
          <control type="image">
            <left>1</left>
            <top>0</top>
            <width>214</width>
            <height>160</height>
            <bordertexture border="5">button-nofocus.png</bordertexture>
            <bordersize>5</bordersize>
            <texture background="true">$INFO[Listitem.Icon]</texture>
            <aspectratio>keep</aspectratio>
            <visible>!Container.Content(Episodes)</visible>
          </control>
          <control type="image">
            <left>1</left>
            <top>0</top>
            <width>214</width>
            <height>160</height>
            <aspectratio>scale</aspectratio>
            <bordertexture border="5">button-nofocus.png</bordertexture>
            <bordersize>5</bordersize>
            <texture background="true">$INFO[Listitem.Icon]</texture>
            <visible>Container.Content(Episodes)</visible>
          </control>
          <control type="label">
            <left>8</left>
            <top>160</top>
            <width>200</width>
            <height>25</height>
            <font>font12</font>
            <textcolor>grey2</textcolor>
            <selectedcolor>selected</selectedcolor>
            <align>center</align>
            <aligny>center</aligny>
            <info>ListItem.Label</info>
          </control>
          <control type="image">
            <left>170</left>
            <top>130</top>
            <width>30</width>
            <height>30</height>
            <aspectratio>keep</aspectratio>
            <texture>$INFO[ListItem.Overlay]</texture>
          </control>
        </itemlayout>
        <focusedlayout condition="!Container.Content(Movies) + !Container.Content(Seasons) + !Container.Content(TVShows) + !Container.Content(Sets)" height="186" width="216">
          <control type="image">
            <left>1</left>
            <top>0</top>
            <width>214</width>
            <height>160</height>
            <bordertexture border="5">folder-focus.png</bordertexture>
            <bordersize>5</bordersize>
            <texture background="true">$INFO[Listitem.Icon]</texture>
            <aspectratio>keep</aspectratio>
            <visible>!Container.Content(Episodes)</visible>
          </control>
          <control type="image">
            <left>1</left>
            <top>0</top>
            <width>214</width>
            <height>160</height>
            <aspectratio>scale</aspectratio>
            <bordertexture border="5">folder-focus.png</bordertexture>
            <bordersize>5</bordersize>
            <texture background="true">$INFO[Listitem.Icon]</texture>
            <visible>Container.Content(Episodes)</visible>
          </control>
          <control type="label">
            <left>8</left>
            <top>160</top>
            <width>200</width>
            <height>25</height>
            <font>font12</font>
            <textcolor>white</textcolor>
            <selectedcolor>selected</selectedcolor>
            <align>center</align>
            <aligny>center</aligny>
            <info>ListItem.Label</info>
          </control>
          <control type="image">
            <left>170</left>
            <top>130</top>
            <width>30</width>
            <height>30</height>
            <aspectratio>keep</aspectratio>
            <texture>$INFO[ListItem.Overlay]</texture>
          </control>
        </focusedlayout>
        <itemlayout condition="Container.Content(Movies) | Container.Content(Seasons) | Container.Content(TVShows) | Container.Content(Sets)" height="279" width="216">
          <control type="image">
            <left>1</left>
            <top>0</top>
            <width>214</width>
            <height>240</height>
            <bordertexture border="5">button-nofocus.png</bordertexture>
            <bordersize>5</bordersize>
            <texture background="true">$VAR[PosterThumb]</texture>
            <aspectratio>keep</aspectratio>
          </control>
          <control type="label">
            <left>8</left>
            <top>240</top>
            <width>200</width>
            <height>25</height>
            <font>font12</font>
            <textcolor>grey2</textcolor>
            <selectedcolor>selected</selectedcolor>
            <align>center</align>
            <aligny>center</aligny>
            <info>ListItem.Label</info>
          </control>
          <control type="image">
            <left>170</left>
            <top>210</top>
            <width>30</width>
            <height>30</height>
            <aspectratio>keep</aspectratio>
            <texture>$INFO[ListItem.Overlay]</texture>
          </control>
        </itemlayout>
        <focusedlayout condition="Container.Content(Movies) | Container.Content(Seasons) | Container.Content(TVShows) | Container.Content(Sets)" height="276" width="216">
          <control type="image">
            <left>1</left>
            <top>0</top>
            <width>214</width>
            <height>240</height>
            <bordertexture border="5">folder-focus.png</bordertexture>
            <bordersize>5</bordersize>
            <texture background="true">$VAR[PosterThumb]</texture>
            <aspectratio>keep</aspectratio>
          </control>
          <control type="label">
            <left>8</left>
            <top>240</top>
            <width>200</width>
            <height>25</height>
            <font>font12</font>
            <textcolor>white</textcolor>
            <selectedcolor>selected</selectedcolor>
            <align>center</align>
            <aligny>center</aligny>
            <info>ListItem.Label</info>
          </control>
          <control type="image">
            <left>170</left>
            <top>210</top>
            <width>30</width>
            <height>30</height>
            <aspectratio>keep</aspectratio>
            <texture>$INFO[ListItem.Overlay]</texture>
          </control>
        </focusedlayout>
      </control>
      <control type="scrollbar" id="60">
        <left>1170</left>
        <top>80</top>
        <width>25</width>
        <height>550</height>
        <texturesliderbackground border="0,14,0,14">ScrollBarV.png</texturesliderbackground>
        <texturesliderbar border="2,16,2,16">ScrollBarV_bar.png</texturesliderbar>
        <texturesliderbarfocus border="2,16,2,16">ScrollBarV_bar_focus.png</texturesliderbarfocus>
        <textureslidernib>ScrollBarNib.png</textureslidernib>
        <textureslidernibfocus>ScrollBarNib.png</textureslidernibfocus>
        <onleft>500</onleft>
        <onright>2</onright>
        <showonepage>false</showonepage>
        <orientation>vertical</orientation>
        <visible>Control.IsVisible(500)</visible>
      </control>
    </control>
  </include>
  <include name="WideIconView">
    <control type="group">
      <visible>Control.IsVisible(505)</visible>
      <include>VisibleFadeEffect</include>
      <control type="panel" id="505">
        <visible>Container.Content(TVShows) | Container.Content(Files)</visible>
        <left>95</left>
        <top>80</top>
        <width>1080</width>
        <height>550</height>
        <onleft>2</onleft>
        <onright>60</onright>
        <onup>505</onup>
        <ondown>505</ondown>
        <viewtype label="$LOCALIZE[539]">list</viewtype>
        <pagecontrol>60</pagecontrol>
        <scrolltime>200</scrolltime>
        <preloaditems>2</preloaditems>
        <itemlayout height="110" width="540">
          <control type="image">
            <left>1</left>
            <top>0</top>
            <width>538</width>
            <height>105</height>
            <bordertexture border="5">button-nofocus.png</bordertexture>
            <bordersize>5</bordersize>
            <texture background="true">$VAR[BannerThumb]</texture>
            <aspectratio>keep</aspectratio>
          </control>
          <control type="image">
            <left>500</left>
            <top>70</top>
            <width>35</width>
            <height>35</height>
            <aspectratio>keep</aspectratio>
            <texture>$INFO[ListItem.Overlay]</texture>
          </control>
        </itemlayout>
        <focusedlayout height="110" width="540">
          <control type="image">
            <left>1</left>
            <top>0</top>
            <width>538</width>
            <height>105</height>
            <bordertexture border="5">folder-focus.png</bordertexture>
            <bordersize>5</bordersize>
            <texture background="true">$VAR[BannerThumb]</texture>
            <aspectratio>keep</aspectratio>
          </control>
          <control type="image">
            <left>500</left>
            <top>70</top>
            <width>35</width>
            <height>35</height>
            <aspectratio>keep</aspectratio>
            <texture>$INFO[ListItem.Overlay]</texture>
          </control>
        </focusedlayout>
      </control>
      <control type="scrollbar" id="60">
        <left>1170</left>
        <top>80</top>
        <width>25</width>
        <height>550</height>
        <texturesliderbackground border="0,14,0,14">ScrollBarV.png</texturesliderbackground>
        <texturesliderbar border="2,16,2,16">ScrollBarV_bar.png</texturesliderbar>
        <texturesliderbarfocus border="2,16,2,16">ScrollBarV_bar_focus.png</texturesliderbarfocus>
        <textureslidernib>ScrollBarNib.png</textureslidernib>
        <textureslidernibfocus>ScrollBarNib.png</textureslidernibfocus>
        <onleft>505</onleft>
        <onright>2</onright>
        <showonepage>false</showonepage>
        <orientation>vertical</orientation>
        <visible>Control.IsVisible(505)</visible>
      </control>
    </control>
  </include>
  <include name="FullWidthList">
    <control type="group">
      <visible>Control.IsVisible(51)</visible>
      <include>VisibleFadeEffect</include>
      <control type="list" id="51">
        <left>95</left>
        <top>78</top>
        <width>1080</width>
        <height>561</height>
        <onleft>2</onleft>
        <onright>60</onright>
        <onup>51</onup>
        <ondown>51</ondown>
        <viewtype label="537">list</viewtype>
        <pagecontrol>60</pagecontrol>
        <scrolltime>200</scrolltime>
        <itemlayout height="60" width="1080">
          <control type="image">
            <left>0</left>
            <top>0</top>
            <width>1080</width>
            <height>61</height>
            <texture border="0,2,0,2">MenuItemNF.png</texture>
          </control>
          <control type="image">
            <left>1</left>
            <top>1</top>
            <width>58</width>
            <height>58</height>
            <texture background="true">$INFO[ListItem.Icon]</texture>
            <aspectratio>keep</aspectratio>
          </control>
          <control type="label">
            <left>60</left>
            <top>0</top>
            <width>950</width>
            <height>60</height>
            <font>font55_title</font>
            <textcolor>grey2</textcolor>
            <selectedcolor>selected</selectedcolor>
            <align>left</align>
            <aligny>center</aligny>
            <label>$INFO[ListItem.Label]</label>
          </control>
          <control type="label">
            <left>60</left>
            <top>0</top>
            <width>1000</width>
            <height>60</height>
            <font>font24_title</font>
            <textcolor>grey2</textcolor>
            <selectedcolor>selected</selectedcolor>
            <align>right</align>
            <aligny>center</aligny>
            <label>$INFO[ListItem.Label2]</label>
            <visible>!Window.IsVisible(Videos)</visible>
          </control>
          <control type="label">
            <left>65</left>
            <top>0</top>
            <width>940</width>
            <height>60</height>
            <font>font24_title</font>
            <textcolor>grey2</textcolor>
            <selectedcolor>selected</selectedcolor>
            <align>right</align>
            <aligny>center</aligny>
            <label>$INFO[ListItem.Label2]</label>
            <visible>Window.IsVisible(Videos)</visible>
            <animation effect="slide" start="0,0" end="40,0" delay="0" time="0" condition="![Container.Content(Movies) | Container.Content(Episodes) | Container.Content(MusicVideos)]">conditional</animation>
          </control>
          <control type="image">
            <left>1010</left>
            <top>8</top>
            <width>54</width>
            <height>46</height>
            <texture>$VAR[MediaInfoOverlayVar]</texture>
            <aspectratio>keep</aspectratio>
            <visible>Window.IsVisible(Videos) + [Container.Content(Movies) | Container.Content(Sets) | Container.Content(Episodes) | Container.Content(MusicVideos)]</visible>
          </control>
          <control type="image">
            <left>1050</left>
            <top>14</top>
            <width>44</width>
            <height>44</height>
            <texture>OverlayWatching.png</texture>
            <visible>Window.IsVisible(Videos) + ListItem.IsResumable</visible>
          </control>
          <control type="image">
            <left>1050</left>
            <top>14</top>
            <width>50</width>
            <height>44</height>
            <texture>$INFO[ListItem.Overlay]</texture>
            <aspectratio>keep</aspectratio>
            <visible>Window.IsVisible(Videos)</visible>
          </control>
        </itemlayout>
        <focusedlayout height="60" width="1080">
          <control type="image">
            <left>0</left>
            <top>0</top>
            <width>1080</width>
            <height>61</height>
            <texture border="0,2,0,2">MenuItemNF.png</texture>
            <visible>!Control.HasFocus(51)</visible>
            <include>VisibleFadeEffect</include>
          </control>
          <control type="image">
            <left>0</left>
            <top>0</top>
            <width>1080</width>
            <height>61</height>
            <texture border="0,2,0,2">MenuItemFO.png</texture>
            <visible>Control.HasFocus(51)</visible>
            <include>VisibleFadeEffect</include>
          </control>
          <control type="image">
            <left>875</left>
            <top>5</top>
            <width>200</width>
            <height>51</height>
            <texture border="0,0,14,0">MediaItemDetailBG.png</texture>
            <visible>Control.HasFocus(51) + !String.IsEmpty(ListItem.Label2)</visible>
          </control>
          <control type="image">
            <left>1</left>
            <top>1</top>
            <width>58</width>
            <height>58</height>
            <texture background="true">$INFO[ListItem.Icon]</texture>
            <aspectratio>keep</aspectratio>
          </control>
          <control type="label">
            <left>60</left>
            <top>0</top>
            <width>950</width>
            <height>60</height>
            <font>font55_title</font>
            <textcolor>$VAR[TextColor2]</textcolor>
            <selectedcolor>selected</selectedcolor>
            <align>left</align>
            <aligny>center</aligny>
            <label>$INFO[ListItem.Label]</label>
          </control>
          <control type="label">
            <left>60</left>
            <top>0</top>
            <width>1000</width>
            <height>60</height>
            <font>font24_title</font>
            <textcolor>grey2</textcolor>
            <selectedcolor>selected</selectedcolor>
            <align>right</align>
            <aligny>center</aligny>
            <label>$INFO[ListItem.Label2]</label>
            <visible>!Window.IsVisible(Videos)</visible>
          </control>
          <control type="label">
            <left>65</left>
            <top>0</top>
            <width>940</width>
            <height>60</height>
            <font>font24_title</font>
            <textcolor>grey2</textcolor>
            <selectedcolor>selected</selectedcolor>
            <align>right</align>
            <aligny>center</aligny>
            <label>$INFO[ListItem.Label2]</label>
            <visible>Window.IsVisible(Videos)</visible>
            <animation effect="slide" start="0,0" end="40,0" delay="0" time="0" condition="![Container.Content(Movies) | Container.Content(Episodes) | Container.Content(MusicVideos)]">conditional</animation>
          </control>
          <control type="image">
            <left>1010</left>
            <top>8</top>
            <width>54</width>
            <height>46</height>
            <texture>$VAR[MediaInfoOverlayVar]</texture>
            <aspectratio>keep</aspectratio>
            <visible>Window.IsVisible(Videos) + [Container.Content(Movies) | Container.Content(Sets) | Container.Content(Episodes) | Container.Content(MusicVideos)]</visible>
          </control>
          <control type="image">
            <left>1050</left>
            <top>14</top>
            <width>44</width>
            <height>44</height>
            <texture>OverlayWatching.png</texture>
            <visible>Window.IsVisible(Videos) + ListItem.IsResumable</visible>
          </control>
          <control type="image">
            <left>1050</left>
            <top>14</top>
            <width>50</width>
            <height>44</height>
            <texture>$INFO[ListItem.Overlay]</texture>
            <aspectratio>keep</aspectratio>
            <visible>Window.IsVisible(Videos)</visible>
          </control>
        </focusedlayout>
      </control>
      <control type="scrollbar" id="60">
        <left>1170</left>
        <top>80</top>
        <width>25</width>
        <height>550</height>
        <texturesliderbackground border="0,14,0,14">ScrollBarV.png</texturesliderbackground>
        <texturesliderbar border="0,14,0,14">ScrollBarV_bar.png</texturesliderbar>
        <texturesliderbarfocus border="0,14,0,14">ScrollBarV_bar_focus.png</texturesliderbarfocus>
        <textureslidernib>ScrollBarNib.png</textureslidernib>
        <textureslidernibfocus>ScrollBarNib.png</textureslidernibfocus>
        <onleft>50</onleft>
        <onright>2</onright>
        <showonepage>false</showonepage>
        <orientation>vertical</orientation>
        <visible>Control.IsVisible(51)</visible>
      </control>
    </control>
  </include>
</includes>